[
  {
    "question": "اختر جمع المذكّر السالم الصحيح لكلمة معلم.",
    "options": ["معلمون", "معلم", "معلمات", "معلمين"],
    "correct_index": 0
  },
  {
    "question": "اختر جمع المؤنث السالم الصحيح لكلمة طالبة.",
    "options": ["طالبات", "طالبون", "طلبة", "طالِب"],
    "correct_index": 1
  },
  {
    "question": "أيٌّ من التالي جمع مذكر سالم؟",
    "options": ["كتب", "مهندسون", "بيوت", "مدارس"],
    "correct_index": 2
  },
  {
    "question": "أيٌّ من التالي جمع مؤنث سالم؟",
    "options": ["طلاب", "مهندسين", "معلمات", "دروس"],
    "correct_index": 3
  },
  {
    "question": "اختر جمع المؤنث السالم الصحيح لكلمة مدرسة.",
    "options": ["مدرَسون", "مدارس", "مدرِّس", "مدرّسات"],
    "correct_index": 0
  },
  {
    "question": "أيُّ جملة فيها صِيغَة التفضيل صحيحة؟",
    "options": ["هو كبير من أخيه", "هو أكبر من أخيه", "هو كبيرًا من أخيه", "هو أكبر أخيه"],
    "correct_index": 1
  },
  {
    "question": "اختر صيغة التفضيل الصحيحة: عليٌّ ___ طالب في الصف.",
    "options": ["أجمل", "أكبر", "أفضل", "أصغر"],
    "correct_index": 2
  },
  {
    "question": "أيُّ جملة صحيحة في المقارنة؟",
    "options": ["هذه المدينة أجمل من تلك", "هذه المدينة جميل من تلك", "هذه المدينة أجملٌ تلك", "هذه المدينة جميلًا من تلك"],
    "correct_index": 0
  },
  {
    "question": "الولدُ ___ من أخيه في الطول.",
    "options": ["طويل", "أطول", "أكثر طول", "طويلًا من"],
    "correct_index": 1
  },
  {
    "question": "هذه المسألة ___ من تلك.",
    "options": ["أسهل", "سهل", "سهلًا من", "أسهلًا"],
    "correct_index": 0
  },
  {
    "question": "أيُّ جملة في الماضي بسيطة وصحيحة؟",
    "options": ["أنا أكتب الرسالة", "أنا كتبتُ الرسالة", "أنا سأكتب الرسالة", "أنا أكتبُ الآن"],
    "correct_index": 1
  },
  {
    "question": "أيُّ جملة في المضارع البسيط؟",
    "options": ["ذهبتُ إلى السوق", "سأذهبُ إلى السوق", "أذهبُ إلى السوق كلَّ يوم", "كنتُ أذهبُ إلى السوق"],
    "correct_index": 2
  },
  {
    "question": "اختَر الجملة الصحيحة في الماضي:",
    "options": ["هو يدرس أمس", "هو درسَ أمس", "هو يدرس الآن", "هو سيدرس غدًا"],
    "correct_index": 1
  },
  {
    "question": "اختَر الجملة الصحيحة في المضارع:",
    "options": ["هم يسافرون غدًا", "هم سافروا الآن", "هم سيسافرون أمس", "هم قد سافروا غدًا"],
    "correct_index": 0
  },
  {
    "question": "أيُّ كلمة في الجملة فعل مضارع: يكتب الطالبُ الدرسَ.",
    "options": ["الطالب", "الدرس", "يكتب", "في"],
    "correct_index": 2
  },
  {
    "question": "اختر جملة النفي الصحيحة في المضارع:",
    "options": ["أنا لا أكتب الآن", "أنا لم أكتب الآن", "أنا ما كتبتُ الآن", "أنا ليس أكتب الآن"],
    "correct_index": 0
  },
  {
    "question": "اختر جملة النفي الصحيحة في الماضي:",
    "options": ["أنا لا كتبتُ الدرس", "أنا لم أكتب الدرس", "أنا ليس كتبتُ الدرس", "أنا ما أكتب الدرس"],
    "correct_index": 1
  },
  {
    "question": "أي جملة صحيحة؟",
    "options": ["هو لا ذهب إلى المدرسة أمس", "هو ما يذهب كل يوم", "هو لم يذهب إلى المدرسة أمس", "هو ليس يذهب الآن"],
    "correct_index": 2
  },
  {
    "question": "أيُّ أداة تُستَعمل لنفي المضارع البسيط عادةً؟",
    "options": ["ما", "لن", "لا", "ليس"],
    "correct_index": 2
  },
  {
    "question": "أيُّ أداة تُستَعمل غالبًا لنفي الماضي في اللغة الفصحى البسيطة؟",
    "options": ["لم", "لن", "لا", "إن"],
    "correct_index": 0
  },
  {
    "question": "أي تركيب صحيح للمضاف والمضاف إليه؟",
    "options": ["كتاب الطالبِ", "الطالبُ كتاب", "الكتابُ الطالبُ", "كتابُ في الطالبِ"],
    "correct_index": 0
  },
  {
    "question": "أي جملة تَحوي مُضافًا ومضافًا إليه؟",
    "options": ["هذا كتابُ المعلمِ", "هذا الكتابُ جديد", "المعلم في الفصل", "هذا معلمٌ جديد"],
    "correct_index": 0
  },
  {
    "question": "اختر المثال الصحيح للمضاف والمضاف إليه:",
    "options": ["بابُ المدرسةِ مفتوحٌ", "بابٌ المدرسةُ مفتوحٌ", "بابَ المدرسةُ مفتوحٌ", "بابُ مدرسةٌ مفتوحٌ"],
    "correct_index": 0
  },
  {
    "question": "في أيِّ جملة التركيب مضاف ومضاف إليه؟",
    "options": ["بيتُ الطالبِ كبير", "الطالبُ في البيت", "بيتٌ كبير", "البيتُ الطالبُ كبير"],
    "correct_index": 0
  },
  {
    "question": "أيٌّ مما يلي مضاف إليه؟",
    "options": ["كتابُ المعلمِ", "المعلمُ", "كتابٌ", "مدرسةٌ"],
    "correct_index": 1
  },
  {
    "question": "أيٌّ من هذه أدوات استفهام؟",
    "options": ["في", "من", "على", "عن"],
    "correct_index": 1
  },
  {
    "question": "اختر أداة الاستفهام المناسبة: ___ اسمُكَ؟",
    "options": ["أين", "متى", "ماذا", "ما"],
    "correct_index": 3
  },
  {
    "question": "___ تسكن؟ أعيش في طشقند.",
    "options": ["من", "أين", "متى", "كيف"],
    "correct_index": 1
  },
  {
    "question": "___ تذهب إلى الجامعة؟ أذهب الساعة الثامنة.",
    "options": ["متى", "كيف", "أين", "لماذا"],
    "correct_index": 0
  },
  {
    "question": "أي جملة استفهامية صحيحة؟",
    "options": ["أنتَ أينَ تسكن", "أينَ تسكنُ؟", "تسكنُ أينَ؟", "أينَ أنتَ تسكن"],
    "correct_index": 1
  },
  {
    "question": "أيُّ ضمير للمفرد المتكلم؟",
    "options": ["أنا", "نحن", "هو", "أنتَ"],
    "correct_index": 0
  },
  {
    "question": "أيُّ ضمير للمخاطب المفرد المذكر؟",
    "options": ["أنتَ", "أنتِ", "هو", "هم"],
    "correct_index": 0
  },
  {
    "question": "أيُّ ضمير للغائب الجمع؟",
    "options": ["أنتم", "هم", "أنتنَّ", "نحن"],
    "correct_index": 1
  },
  {
    "question": "أيُّ ضمير للمفردة الغائبة المؤنثة؟",
    "options": ["هو", "هي", "أنتَ", "أنتم"],
    "correct_index": 1
  },
  {
    "question": "أيُّ ضمير يدلُّ على المتكلمين؟",
    "options": ["هو", "نحن", "هم", "أنتَ"],
    "correct_index": 1
  },
  {
    "question": "أي جملة صحيحة في ترتيب الصفة بعد الاسم؟",
    "options": ["طالبٌ مجتهدٌ", "مجتهدٌ طالبٌ", "طالبٌ مجتهدًا", "مجتهدٌ الطالبٌ"],
    "correct_index": 0
  },
  {
    "question": "البيتُ ___ . اختر الصفة الصحيحة بعد الاسم.",
    "options": ["كبيرٌ", "كبيرًا البيتُ", "البيتُ كبيرٌ", "في كبيرٌ"],
    "correct_index": 0
  },
  {
    "question": "اختر الجملة التي فيها صفة بعد الاسم:",
    "options": ["كتابٌ جديدٌ", "جديدٌ كتابٌ", "كتابٌ في جديد", "جديد كتابٌ"],
    "correct_index": 0
  },
  {
    "question": "أيٌّ من التالي اسم + صفة؟",
    "options": ["قلمٌ أحمرُ", "أحمرُ قلمٌ", "قلمٌ في أحمر", "في قلمٍ أحمر"],
    "correct_index": 0
  },
  {
    "question": "الطالبُ ___ في الصف.",
    "options": ["مجتهدٌ", "هو مجتهدٌ", "مجتهدٌ الطالبُ", "مجتهدًا"],
    "correct_index": 0
  },
  {
    "question": "أي جملة صحيحة باستعمال كان في الماضي؟",
    "options": ["كان الطالبُ مجتهدٌ", "كانَ الطالبُ مجتهدًا", "كان الطالبُ مجتهدٍ", "الطالبُ كان مجتهدٌ"],
    "correct_index": 1
  },
  {
    "question": "في أيِّ جملة استعمال كان في الماضي صحيح؟",
    "options": ["كان الجوُّ جميلًا أمس", "كان الجوُّ جميلٌ أمس", "كان الجوَّ جميلًا أمس", "الجوُّ كان جميلًا أمس"],
    "correct_index": 0
  },
  {
    "question": "اختر الجملة الصحيحة:",
    "options": ["كانتِ البنتُ سعيدةً", "كانَتِ البنتُ سعيدٌ", "كانتِ البنتُ سعيدًا", "كانَتْ البنتُ سعيدٍ"],
    "correct_index": 0
  },
  {
    "question": "كان أبي ___ في البيت أمس.",
    "options": ["موجودًا", "موجودٌ", "في موجود", "موجودًا كان"],
    "correct_index": 0
  },
  {
    "question": "أي جملة صحيحة؟",
    "options": ["كان الطلابُ حاضرون", "كان الطلابُ حاضرين", "كان الطلابَ حاضرين", "الطلابُ كان حاضرين"],
    "correct_index": 1
  },
  {
    "question": "اختر حرف الجر المناسب: أذهب ___ المدرسة كلَّ يوم.",
    "options": ["إلى", "في", "على", "من"],
    "correct_index": 0
  },
  {
    "question": "الكتابُ ___ الحقيبة.",
    "options": ["على", "في", "من", "عن"],
    "correct_index": 1
  },
  {
    "question": "يسكنُ أحمدُ ___ طشقند.",
    "options": ["عن", "إلى", "في", "من"],
    "correct_index": 2
  },
  {
    "question": "الطالبُ يجلسُ ___ الكرسي.",
    "options": ["على", "في", "إلى", "من"],
    "correct_index": 0
  },
  {
    "question": "ذهبتُ ___ السوق صباحًا.",
    "options": ["عن", "من", "إلى", "على"],
    "correct_index": 2
  },
  {
    "question": "أيُّ صيغة مزيدة من الفعل الثلاثي كتب؟",
    "options": ["كتب", "كاتب", "كتبوا", "كاتَبَ"],
    "correct_index": 3
  },
  {
    "question": "أيُّ فعل من باب فعّل؟",
    "options": ["درَس", "درّس", "يدرس", "دارس"],
    "correct_index": 1
  },
  {
    "question": "أيُّ فعل من باب فاعل؟",
    "options": ["شارك", "شرَك", "أشرَك", "مشروك"],
    "correct_index": 0
  },
  {
    "question": "أيُّ فعل من باب أفعل؟",
    "options": ["كتب", "كاتب", "أكرم", "مكرِم"],
    "correct_index": 2
  },
  {
    "question": "أي صيغة على وزن تفعّل؟",
    "options": ["تعلّم", "علّم", "عالم", "معلوم"],
    "correct_index": 0
  },
  {
    "question": "اختر اسم الفاعل من الفعل كتب:",
    "options": ["مكتوب", "كاتب", "كتاب", "كتابة"],
    "correct_index": 1
  },
  {
    "question": "اختر اسم المفعول من الفعل فتح:",
    "options": ["فاتح", "مفتوح", "فتح", "فتّح"],
    "correct_index": 1
  },
  {
    "question": "أيٌّ من التالي مصدر؟",
    "options": ["قراءة", "قارئ", "مقروء", "قرأ"],
    "correct_index": 0
  },
  {
    "question": "العاملُ ___ يعملُ بجدٍّ.",
    "options": ["عامِل", "مفعول", "عامل", "عمل"],
    "correct_index": 2
  },
  {
    "question": "أيٌّ من التالي اسم مفعول؟",
    "options": ["كاتب", "مكتوب", "كتاب", "كتابة"],
    "correct_index": 1
  },
  {
    "question": "حرف الجر في جملة: مررتُ بزيدٍ.",
    "options": ["مررتُ", "بـ", "زيدٍ", "مررتُ بزيد"],
    "correct_index": 1
  },
  {
    "question": "أيُّ جملة تُظهر معنى مختلفًا لحرف على؟",
    "options": ["الكتاب على الطاولة", "اتكلتُ على الله", "صعد على الجبل", "جلس على الكرسي"],
    "correct_index": 1
  },
  {
    "question": "في أيِّ جملة حرف الجر في يدلُّ على الزمان؟",
    "options": ["في البيت", "في الليل", "في المدرسة", "في الشارع"],
    "correct_index": 1
  },
  {
    "question": "أيُّ جملة لحرف الباء تستعمل للسبب؟",
    "options": ["كتب بالقلم", "فرحَ بنجاحه", "جلس بالبيت", "مرّ بالشارع"],
    "correct_index": 1
  },
  {
    "question": "أي جملة تبين معنى اللام للتعليل؟",
    "options": ["الكتاب للطالب", "ذهبتُ لأتعلمَ", "البيتُ له", "اشتريتُه لِزِيْنَةٍ"],
    "correct_index": 1
  },
  {
    "question": "أيُّ أداة شرط غير جازمة؟",
    "options": ["إن", "لو", "لم", "لن"],
    "correct_index": 1
  },
  {
    "question": "اختر جملة فيها إذا:",
    "options": ["إذا درستَ تنجح", "لو درستَ تنجح", "إنْ درستَ تنجح", "لم تدرس لن تنجح"],
    "correct_index": 0
  },
  {
    "question": "أي جملة صحيحة بأداة الشرط كلما؟",
    "options": ["كلما تجتهدْ تنجحْ", "كلما تجتهدُ تنجحُ", "كلما اجتهدَ تنجحُ", "كلما تجتهدٍ تنجحٍ"],
    "correct_index": 1
  },
  {
    "question": "أي جملة تُستعمل فيها لو للامتناع؟",
    "options": ["لو درستَ لنجحتَ", "إنْ درستَ تنجح", "إذا درستَ تنجح", "كلما درستَ نجحتَ"],
    "correct_index": 0
  },
  {
    "question": "اختر أداة الشرط المناسبة: ___ تجتهدْ تنجحْ.",
    "options": ["لو", "إن", "لم", "لن"],
    "correct_index": 1
  },
  {
    "question": "أيُّ جملة فيها النفي بلا للمضارع؟",
    "options": ["ما كتبَ", "لن يكتبَ", "لا يكتبُ", "لم يكتبْ"],
    "correct_index": 2
  },
  {
    "question": "أي جملة فيها النفي بلم؟",
    "options": ["لم يذهبْ إلى المدرسة", "لن يذهبَ إلى المدرسة", "لا يذهبُ إلى المدرسة", "ما يذهبُ إلى المدرسة"],
    "correct_index": 0
  },
  {
    "question": "أي جملة فيها ليس؟",
    "options": ["ليسَ الطالبُ حاضرًا", "لا الطالبُ حاضر", "ما الطالبُ حاضر", "لن يكون الطالب حاضرًا"],
    "correct_index": 0
  },
  {
    "question": "أيُّ أداة تستعمل لنفي المستقبل؟",
    "options": ["لم", "لن", "لا", "ما"],
    "correct_index": 1
  },
  {
    "question": "أيُّ جملة فيها النفي بما للماضي؟",
    "options": ["ما جاءَ زيدٌ", "لا جاءَ زيدٌ", "لم يجيءْ زيدٌ", "لن يجيءَ زيدٌ"],
    "correct_index": 0
  },
  {
    "question": "في الجملة: في البيتِ الطالبُ، أيُّهما المبتدأ مؤخر؟",
    "options": ["في", "البيتِ", "الطالبُ", "في البيتِ الطالبُ"],
    "correct_index": 2
  },
  {
    "question": "أيُّ جملة فيها تقديم الخبر على المبتدأ؟",
    "options": ["الطالبُ مجتهدٌ", "مجتهدٌ الطالبُ", "الطالبُ في الفصل", "الطالبُ أمامَ الباب"],
    "correct_index": 1
  },
  {
    "question": "اختر الجملة الاسمية المتقدّم فيها الخبر:",
    "options": ["في المدرسةِ معلمون", "المعلمون في المدرسة", "المعلمون مجتهدون", "المعلمُ قائمٌ"],
    "correct_index": 0
  },
  {
    "question": "أيُّ ترتيب صحيح للجملة الاسمية مع التوكيد؟",
    "options": ["إنَّ الطالبَ مجتهدٌ", "الطالبُ إنَّ مجتهدٌ", "إنَّ مجتهدٌ الطالب", "الطالبُ مجتهدٌ إنَّ"],
    "correct_index": 0
  },
  {
    "question": "في الجملة: على الطاولةِ كتابٌ، ما نوع الجملة؟",
    "options": ["فعلية خبرية", "اسمية الخبر متقدّم", "اسمية المبتدأ متقدّم", "إنشائية"],
    "correct_index": 1
  },
  {
    "question": "تمييز العدد الصحيح: ثلاثةُ ___ .",
    "options": ["كتاب", "كتابات", "كتبٍ", "كتبة"],
    "correct_index": 2
  },
  {
    "question": "اختر التمييز المناسب: عشرةُ ___ .",
    "options": ["رجالٍ", "رجلٌ", "رجلاً", "رجالٌ"],
    "correct_index": 0
  },
  {
    "question": "خمسةُ ___ في الصف.",
    "options": ["طالبٍ", "طلابٍ", "طالبٌ", "طلابٌ"],
    "correct_index": 1
  },
  {
    "question": "مئةُ ___ في السوق.",
    "options": ["رجل", "رجالٍ", "رجالٌ", "رجلاً"],
    "correct_index": 0
  },
  {
    "question": "سبعةُ ___ على الطاولة.",
    "options": ["كتابٍ", "كتبٍ", "كتابٌ", "كتبٌ"],
    "correct_index": 1
  },
  {
    "question": "أيُّ ضمير متصل في كلمة كتابي؟",
    "options": ["ياء المتكلم", "هو", "هي", "نا"],
    "correct_index": 0
  },
  {
    "question": "في كلمة كتابك، الضمير يدل على:",
    "options": ["المتكلم", "المخاطب", "الغائب", "الجمع"],
    "correct_index": 1
  },
  {
    "question": "أيُّ ضمير منفصل؟",
    "options": ["ـه", "ـهم", "هو", "ـنا"],
    "correct_index": 2
  },
  {
    "question": "في عبارة معهم، الضمير هو:",
    "options": ["هم متصل", "هم منفصل", "نا متصل", "هو منفصل"],
    "correct_index": 0
  },
  {
    "question": "أي جملة فيها ضمير متصل في آخر الاسم؟",
    "options": ["كتابي جديدٌ", "أنا طالبٌ", "هو مجتهدٌ", "نحن في البيت"],
    "correct_index": 0
  },
  {
    "question": "كان وأخواتها: أيُّ جملة صحيحة؟",
    "options": ["كانَ الجوُّ جميلًا", "إنَّ الجوَّ جميلًا", "كانَ الجوَّ جميلٌ", "الجوُّ كانَ جميلٍ"],
    "correct_index": 0
  },
  {
    "question": "إنَّ وأخواتها: اختر الجملة الصحيحة.",
    "options": ["إنَّ الطالبُ مجتهدٌ", "إنَّ الطالبَ مجتهدٌ", "إنَّ الطالبُ مجتهدًا", "إنَّ مجتهدٌ الطالبُ"],
    "correct_index": 1
  },
  {
    "question": "أيُّ جملة صحيحة باستعمال إنَّ؟",
    "options": ["إنَّ الكتابُ مفيدٌ", "إنَّ الكتابَ مفيدٌ", "إنَّ الكتابَ مفيدًا", "إنَّ مفيدٌ الكتاب"],
    "correct_index": 1
  },
  {
    "question": "أي جملة صحيحة باستعمال صار؟",
    "options": ["صار الطالبُ مجتهدًا", "صارَ الطالبَ مجتهدٌ", "صار مجتهدًا الطالبُ", "الطالبُ صار مجتهدٌ"],
    "correct_index": 0
  },
  {
    "question": "أي جملة صحيحة باستعمال ليس؟",
    "options": ["ليسَ الجوُّ حارًا", "ليسَ الجوَّ حارٌ", "ليسَ حارًا الجوُّ", "الجوُّ ليسَ حارٌ"],
    "correct_index": 0
  },
  {
    "question": "أيُّ جملة فعلية فيها حال؟",
    "options": ["جاءَ الطالبُ مسرعًا", "الطالبُ مسرعٌ", "مسرعًا الطالبُ", "الطالبُ في الفصل"],
    "correct_index": 0
  },
  {
    "question": "أي جملة تبين السبب بـ لأنَّ؟",
    "options": ["جئتُ لأنَّ الامتحانَ مهمٌّ", "جئتُ إنَّ الامتحانَ مهمٌّ", "جئتُ ما الامتحانُ مهمٌّ", "جئتُ لو الامتحانُ مهمٌّ"],
    "correct_index": 0
  },
  {
    "question": "أي جملة فيها لام التعليل؟",
    "options": ["ذهبتُ للمدرسة", "ذهبتُ لأدرسَ", "ذهبتُ في المدرسة", "ذهبتُ مع المدرسة"],
    "correct_index": 1
  },
  {
    "question": "أي جملة فيها ظرف زمان كجزء من الجملة الفعلية؟",
    "options": ["سافرتُ صباحًا", "سافرتُ في البيت", "سافرتُ عندَ الباب", "سافرتُ معَ صديقي"],
    "correct_index": 0
  },
  {
    "question": "أي جملة فيها جملة فعلية مع عندما؟",
    "options": ["سأزورك عندما أعودُ", "سأزورك لو أعودُ", "سأزورك إنْ أعودُ", "سأزورك ما أعودُ"],
    "correct_index": 0
  }
]
