[
  { "en": "apple", "uz": "olma" },
  { "en": "book", "uz": "kitob" },
  { "en": "teacher", "uz": "o'qituvchi" },
  { "en": "student", "uz": "o'quvchi" },
  { "en": "classroom", "uz": "sinf xonasi" },
  { "en": "homework", "uz": "uy vazifa" },
  { "en": "lesson", "uz": "dars" },
  { "en": "subject", "uz": "fan" },
  { "en": "language", "uz": "til" },
  { "en": "sentence", "uz": "gap" },

  { "en": "word", "uz": "so'z" },
  { "en": "dictionary", "uz": "lug'at" },
  { "en": "exercise", "uz": "mashq" },
  { "en": "mistake", "uz": "xato" },
  { "en": "test", "uz": "test" },
  { "en": "exam", "uz": "imtihon" },
  { "en": "mark", "uz": "baho" },
  { "en": "grade", "uz": "sinf / baho" },
  { "en": "level", "uz": "daraja" },
  { "en": "rule", "uz": "qoida" },

  { "en": "question", "uz": "savol" },
  { "en": "answer", "uz": "javob" },
  { "en": "example", "uz": "misol" },
  { "en": "topic", "uz": "mavzu" },
  { "en": "paragraph", "uz": "xabsa (paragraf)" },
  { "en": "text", "uz": "matn" },
  { "en": "story", "uz": "hikoya" },
  { "en": "dialogue", "uz": "dialog" },
  { "en": "conversation", "uz": "suhbat" },
  { "en": "pronunciation", "uz": "talaffuz" },

  { "en": "grammar", "uz": "grammatika" },
  { "en": "vocabulary", "uz": "lug'at boyligi" },
  { "en": "translation", "uz": "tarjima" },
  { "en": "meaning", "uz": "ma'no" },
  { "en": "accent", "uz": "aksent" },
  { "en": "beginner", "uz": "boshlovchi" },
  { "en": "intermediate", "uz": "o'rta daraja" },
  { "en": "advanced", "uz": "yuqori daraja" },
  { "en": "native speaker", "uz": "ona tili so'zlovchi" },
  { "en": "fluency", "uz": "ravonlik" },

  { "en": "university", "uz": "universitet" },
  { "en": "college", "uz": "kollej" },
  { "en": "primary school", "uz": "boshlang'ich maktab" },
  { "en": "high school", "uz": "o'rta maktab" },
  { "en": "subject", "uz": "fan" },
  { "en": "science", "uz": "fan (ilm)" },
  { "en": "history", "uz": "tarix" },
  { "en": "geography", "uz": "geografiya" },
  { "en": "biology", "uz": "biologiya" },
  { "en": "mathematics", "uz": "matematika" },

  { "en": "chemistry", "uz": "kimyo" },
  { "en": "physics", "uz": "fizika" },
  { "en": "literature", "uz": "adabiyot" },
  { "en": "culture", "uz": "madaniyat" },
  { "en": "education", "uz": "ta'lim" },
  { "en": "knowledge", "uz": "bilim" },
  { "en": "experience", "uz": "tajriba" },
  { "en": "skill", "uz": "ko'nikma" },
  { "en": "progress", "uz": "rivojlanish" },
  { "en": "success", "uz": "muvaffaqiyat" },

  { "en": "effort", "uz": "harakat" },
  { "en": "result", "uz": "natija" },
  { "en": "goal", "uz": "maqsad" },
  { "en": "plan", "uz": "reja" },
  { "en": "future", "uz": "kelajak" },
  { "en": "career", "uz": "karera" },
  { "en": "job", "uz": "ish" },
  { "en": "profession", "uz": "kasb" },
  { "en": "office", "uz": "ofis" },
  { "en": "colleague", "uz": "hamkasb" },

  { "en": "manager", "uz": "menejer" },
  { "en": "boss", "uz": "rahbar" },
  { "en": "meeting", "uz": "uchrashuv" },
  { "en": "project", "uz": "loyiha" },
  { "en": "task", "uz": "vazifa" },
  { "en": "deadline", "uz": "muddati" },
  { "en": "schedule", "uz": "jadval" },
  { "en": "break", "uz": "tanaffus" },
  { "en": "lunch", "uz": "tushlik" },
  { "en": "dinner", "uz": "kechki ovqat" },

  { "en": "breakfast", "uz": "nonushta" },
  { "en": "kitchen", "uz": "oshxona" },
  { "en": "restaurant", "uz": "restoran" },
  { "en": "cafe", "uz": "kafe" },
  { "en": "menu", "uz": "menyu" },
  { "en": "bill", "uz": "hisob (restoranda)" },
  { "en": "tip", "uz": "choychaqa" },
  { "en": "reservation", "uz": "band qilish" },
  { "en": "order", "uz": "buyurtma" },
  { "en": "service", "uz": "xizmat" },

  { "en": "station", "uz": "vokzal" },
  { "en": "airport", "uz": "aeroport" },
  { "en": "ticket", "uz": "chipta" },
  { "en": "passport", "uz": "pasport" },
  { "en": "luggage", "uz": "yuk" },
  { "en": "suitcase", "uz": "chemodan" },
  { "en": "journey", "uz": "safar" },
  { "en": "trip", "uz": "sayohat" },
  { "en": "flight", "uz": "reys" },
  { "en": "delay", "uz": "kechikish" },

  { "en": "hotel", "uz": "mehmonxona" },
  { "en": "reception", "uz": "qabulxona" },
  { "en": "single room", "uz": "bir kishilik xona" },
  { "en": "double room", "uz": "ikki kishilik xona" },
  { "en": "key", "uz": "kalit" },
  { "en": "bathroom", "uz": "hammom" },
  { "en": "shower", "uz": "dush" },
  { "en": "towel", "uz": "sochiq" },
  { "en": "blanket", "uz": "ko'rpa" },
  { "en": "pillow", "uz": "yostiq" },

  { "en": "rent", "uz": "ijara" },
  { "en": "apartment", "uz": "kvartira" },
  { "en": "neighborhood", "uz": "mahalla / hudud" },
  { "en": "capital city", "uz": "poytaxt" },
  { "en": "traffic", "uz": "harakat (yo'l)" },
  { "en": "crosswalk", "uz": "piyodalar yo'li" },
  { "en": "traffic light", "uz": "svetofor" },
  { "en": "intersection", "uz": "chorraha" },
  { "en": "roundabout", "uz": "aylana yo'l" },
  { "en": "parking", "uz": "avtoturargoh" },

  { "en": "environment", "uz": "atrof-muhit" },
  { "en": "pollution", "uz": "ifloslanish" },
  { "en": "recycling", "uz": "qayta ishlash" },
  { "en": "forest", "uz": "o'rmon" },
  { "en": "mountain", "uz": "tog'" },
  { "en": "river", "uz": "daryo" },
  { "en": "lake", "uz": "ko'l" },
  { "en": "sea", "uz": "dengiz" },
  { "en": "ocean", "uz": "okean" },
  { "en": "desert", "uz": "cho'l" },

  { "en": "weather", "uz": "ob-havo" },
  { "en": "temperature", "uz": "harorat" },
  { "en": "storm", "uz": "bo'ron" },
  { "en": "cloud", "uz": "bulut" },
  { "en": "rain", "uz": "yomg'ir" },
  { "en": "snow", "uz": "qor" },
  { "en": "wind", "uz": "shamol" },
  { "en": "fog", "uz": "tuman" },
  { "en": "ice", "uz": "muz" },
  { "en": "heat", "uz": "issiq (issiqchilik)" },

  { "en": "health", "uz": "sog'liq" },
  { "en": "disease", "uz": "kasallik" },
  { "en": "medicine", "uz": "dori" },
  { "en": "appointment", "uz": "qabul vaqti" },
  { "en": "symptom", "uz": "belgi (kasallik)" },
  { "en": "headache", "uz": "bosh og'riq" },
  { "en": "fever", "uz": "isitma" },
  { "en": "cough", "uz": "yo'tal" },
  { "en": "injury", "uz": "jarohat" },
  { "en": "treatment", "uz": "davolash" },

  { "en": "feeling", "uz": "his-tuyg'u" },
  { "en": "happiness", "uz": "baxt" },
  { "en": "sadness", "uz": "xafalik" },
  { "en": "anger", "uz": "g'azab" },
  { "en": "fear", "uz": "qo'rquv" },
  { "en": "surprise", "uz": "hayrat" },
  { "en": "confidence", "uz": "ishonch" },
  { "en": "patience", "uz": "sabr" },
  { "en": "respect", "uz": "hurmat" },
  { "en": "responsibility", "uz": "mas'uliyat" }
]
