[
  {
    "question": "Выберите правильную форму: Я живу в ___ (Москва).",
    "options": ["Москве", "Москву", "Москвы", "Москвой"],
    "correct_index": 0
  },
  {
    "question": "Поставьте существительное в винительный падеж: Я читаю ___ (книга).",
    "options": ["книга", "книгу", "книги", "книгой"],
    "correct_index": 1
  },
  {
    "question": "Как правильно: Я звоню ___?",
    "options": ["к другу", "друга", "другу", "о друге"],
    "correct_index": 2
  },
  {
    "question": "Выберите правильный предлог: Мы отдыхали ___ море.",
    "options": ["в", "на", "к", "у"],
    "correct_index": 1
  },
  {
    "question": "Поставьте существительное в предложный падеж: Мы говорим о ___ (город).",
    "options": ["город", "города", "городе", "городом"],
    "correct_index": 2
  },
  {
    "question": "Как правильно: У меня ___ сестра.",
    "options": ["есть", "есть одна", "имеется одна", "бывает"],
    "correct_index": 0
  },
  {
    "question": "Выберите дательный падеж: Я подарил книгу ___ (подруга).",
    "options": ["подруга", "подруге", "подругу", "подругой"],
    "correct_index": 1
  },
  {
    "question": "Как правильно: Он работает ___ (врач).",
    "options": ["врачом", "врач", "врачем", "врачу"],
    "correct_index": 0
  },
  {
    "question": "Поставьте слово в творительный падеж: Я интересуюсь ___ (история).",
    "options": ["история", "историю", "историей", "истории"],
    "correct_index": 2
  },
  {
    "question": "Выберите правильную форму: Мы гордимся ___ (наш сын).",
    "options": ["наш сын", "нашим сыном", "нашего сына", "нашему сыну"],
    "correct_index": 1
  },
  {
    "question": "Как правильно: Вчера я ___ в театр.",
    "options": ["иду", "пошёл", "иду буду", "ходил буду"],
    "correct_index": 1
  },
  {
    "question": "Выберите прошедшее время: Вчера они ___ экзамен.",
    "options": ["сдают", "сдали", "будут сдавать", "сдавали будут"],
    "correct_index": 1
  },
  {
    "question": "Будущее время: Завтра мы ___ в музей.",
    "options": ["ходим", "пойдём", "ходили", "шли"],
    "correct_index": 1
  },
  {
    "question": "Как правильно: Через час он ___ дома.",
    "options": ["будет", "есть", "есть будет", "бывает"],
    "correct_index": 0
  },
  {
    "question": "Выберите правильный вариант: Сейчас я ___ русский язык.",
    "options": ["учил", "учусь", "учусь буду", "учить"],
    "correct_index": 1
  },
  {
    "question": "Какой глагол несовершенного вида?",
    "options": ["написать", "прочитать", "читать", "сделать"],
    "correct_index": 2
  },
  {
    "question": "Какой глагол совершенного вида?",
    "options": ["делать", "говорить", "прочитать", "писать"],
    "correct_index": 2
  },
  {
    "question": "Выберите пару сов./несов. вид: ___ – прочитать.",
    "options": ["читать", "писать", "говорить", "читаться"],
    "correct_index": 0
  },
  {
    "question": "Выберите правильную форму: Я могу ___ по-русски.",
    "options": ["говорить", "говорю", "говорил", "говорится"],
    "correct_index": 0
  },
  {
    "question": "Как правильно: Он любит ___ музыку.",
    "options": ["слушать", "слушает", "слушая", "слушал"],
    "correct_index": 0
  },
  {
    "question": "Вставьте модальный глагол: Я ___ пойти к врачу.",
    "options": ["могу", "есть", "бы", "стану"],
    "correct_index": 0
  },
  {
    "question": "Выберите будущее время глагола «учиться»: Завтра я ___ в библиотеке.",
    "options": ["учусь", "буду учиться", "учился", "учусь буду"],
    "correct_index": 1
  },
  {
    "question": "Как правильно сказать: «Наверное, он ___ домой поздно».",
    "options": ["придёт", "приходит", "пришёл", "приходил"],
    "correct_index": 0
  },
  {
    "question": "Выберите сравнит. степень: Москва ___ Петербурга.",
    "options": ["большая", "самая большая", "больше", "большой"],
    "correct_index": 2
  },
  {
    "question": "Как правильно: Эта задача ___, чем та.",
    "options": ["трудная", "труднее", "самая трудная", "трудно"],
    "correct_index": 1
  },
  {
    "question": "Выберите правильную форму: Это ___ фильм из всех.",
    "options": ["самый интересный", "интереснее", "интересный", "интересно"],
    "correct_index": 0
  },
  {
    "question": "Как правильно: Он говорит по-русски ___ меня.",
    "options": ["лучше", "самый лучший", "лучший", "хорошо"],
    "correct_index": 0
  },
  {
    "question": "Какое личное местоимение подходит: ___ живём в России.",
    "options": ["Они", "Мы", "Вы", "Он"],
    "correct_index": 1
  },
  {
    "question": "Какое притяжательное местоимение нужно: Это ___ книга (я).",
    "options": ["мой", "моя", "моё", "мои"],
    "correct_index": 1
  },
  {
    "question": "Выберите правильный вариант: Я часто думаю о ___ (они).",
    "options": ["их", "им", "них", "ими"],
    "correct_index": 2
  },
  {
    "question": "Как правильно: Я познакомился с ___ (она) в университете.",
    "options": ["она", "её", "ей", "неё"],
    "correct_index": 3
  },
  {
    "question": "Выберите правильно: Это зависит от ___ (ситуация).",
    "options": ["ситуация", "ситуации", "ситуацию", "ситуацией"],
    "correct_index": 1
  },
  {
    "question": "Как правильно: Мне нужно ___ дом задание.",
    "options": ["делать", "делаю", "сделать", "делался"],
    "correct_index": 2
  },
  {
    "question": "Выберите форму: Я уже ___ это упражнение вчера.",
    "options": ["делаю", "делал", "сделал", "делаю буду"],
    "correct_index": 2
  },
  {
    "question": "Как правильно: В детстве я часто ___ в деревню.",
    "options": ["ездил", "поеду", "съездил", "ехать"],
    "correct_index": 0
  },
  {
    "question": "Выберите правильную форму: Мы будем ___ русский фильм.",
    "options": ["смотрели", "смотреть", "смотрим", "посмотреть"],
    "correct_index": 1
  },
  {
    "question": "Как правильно: Вчера мне ___ плохо.",
    "options": ["было", "есть", "будет", "были"],
    "correct_index": 0
  },
  {
    "question": "Как правильно: У тебя есть планы ___ выходные?",
    "options": ["на", "в", "к", "о"],
    "correct_index": 0
  },
  {
    "question": "Выберите форму творительного падежа: Я доволен ___ (результат).",
    "options": ["результат", "результатом", "результата", "результату"],
    "correct_index": 1
  },
  {
    "question": "Как правильно: Он интересуется ___ (история России).",
    "options": ["история России", "историю России", "истории России", "историей России"],
    "correct_index": 3
  },
  {
    "question": "Выберите правильный вариант: Мы говорили о ___ (новый проект).",
    "options": ["новый проект", "нового проекта", "новом проекте", "новым проектом"],
    "correct_index": 2
  },
  {
    "question": "Как правильно: Я помогаю ___ (моя мама).",
    "options": ["мою маму", "моей маме", "моей мамой", "моей мамы"],
    "correct_index": 1
  },
  {
    "question": "Выберите прошедшее время: Вчера я долго ___ книгу.",
    "options": ["читал", "читаю", "прочитал буду", "буду читать"],
    "correct_index": 0
  },
  {
    "question": "Как правильно: Я решил ___ в Россию.",
    "options": ["поехать", "ехать", "ездить", "езжу"],
    "correct_index": 0
  },
  {
    "question": "Выберите форму будущего времени: Завтра он ___ доклад.",
    "options": ["делает", "делал", "будет делать", "сделал"],
    "correct_index": 2
  },
  {
    "question": "Как правильно: Вчера я не ___ на лекции.",
    "options": ["были", "был", "есть", "буду"],
    "correct_index": 1
  },
  {
    "question": "Как правильно: Может быть, он ___ завтра.",
    "options": ["пришёл", "приходит", "придёт", "приходил"],
    "correct_index": 2
  },
  {
    "question": "Выберите правильный вариант: Наверное, они уже ___.",
    "options": ["пришли", "приходят", "приходили", "приходить"],
    "correct_index": 0
  },
  {
    "question": "Сложное предложение: Я не пришёл, потому что ___.",
    "options": ["болею", "болел", "я болею", "мне болел"],
    "correct_index": 1
  },
  {
    "question": "Выберите союз причины:",
    "options": ["когда", "потому что", "если", "чтобы"],
    "correct_index": 1
  },
  {
    "question": "Как правильно: Я оста́лся дома, ___ шёл сильный дождь.",
    "options": ["когда", "если", "потому что", "чтобы"],
    "correct_index": 2
  },
  {
    "question": "Выберите союз цели:",
    "options": ["когда", "если", "чтобы", "потому что"],
    "correct_index": 2
  },
  {
    "question": "Сложноподчинённое предложение: Я учу русский, ___ жить в России.",
    "options": ["потому что", "если", "чтобы", "когда"],
    "correct_index": 2
  },
  {
    "question": "Как правильно: Если у меня ___ время, я позвоню тебе.",
    "options": ["будет", "есть", "было", "буду"],
    "correct_index": 0
  },
  {
    "question": "Выберите правильный вариант: Когда я ___ дома, я сразу лег спать.",
    "options": ["пришёл", "приду", "приходил", "приходит"],
    "correct_index": 0
  },
  {
    "question": "Как правильно: Когда я учился в школе, я часто ___ в библиотеку.",
    "options": ["ходил", "пошёл", "хожу", "пойду"],
    "correct_index": 1
  },
  {
    "question": "Выберите правильный глагол движения с приставкой: Вчера мы ___ в университет и обратно.",
    "options": ["ходили", "сходили", "приходили", "уходили"],
    "correct_index": 1
  },
  {
    "question": "Как правильно: Он уже ___ в комнату.",
    "options": ["вошёл", "входил", "приходил", "ушёл"],
    "correct_index": 0
  },
  {
    "question": "Выберите правильный вариант: Она ___ из офиса в шесть вечера.",
    "options": ["выходит", "вышла", "уходит", "пришла"],
    "correct_index": 1
  },
  {
    "question": "Как правильно: Подойди ___ окну.",
    "options": ["к", "в", "на", "через"],
    "correct_index": 0
  },
  {
    "question": "Управление глагола: Он ждал ___ (она) два часа.",
    "options": ["её", "ей", "ней", "ею"],
    "correct_index": 0
  },
  {
    "question": "Управление глагола: Она смеётся ___ (его ошибки).",
    "options": ["над его ошибками", "о его ошибках", "его ошибок", "к его ошибкам"],
    "correct_index": 0
  },
  {
    "question": "Управление глагола: Мы слушали ___ (лекция).",
    "options": ["лекция", "лекции", "лекцию", "лекцией"],
    "correct_index": 2
  },
  {
    "question": "Выберите правильный вариант: Я горжусь ___ (мой брат).",
    "options": ["моим братом", "моего брата", "моему брату", "мой брат"],
    "correct_index": 0
  },
  {
    "question": "Как правильно: Он начал ___ проект вчера.",
    "options": ["делать", "сделать", "делал", "делаться"],
    "correct_index": 0
  },
  {
    "question": "Выберите правильную пару: начинать – ___ (сов. вид).",
    "options": ["начать", "начаться", "поНачать", "сначала"],
    "correct_index": 0
  },
  {
    "question": "Как правильно: Он пытается ___ по-русски.",
    "options": ["говорил", "говорить", "говорит", "сказать"],
    "correct_index": 1
  },
  {
    "question": "Выберите правильную пару: пытаться – ___ (сов. вид).",
    "options": ["попробовать", "попытать", "пробовать", "попытаться"],
    "correct_index": 3
  },
  {
    "question": "Как правильно: Я хочу ___ этот текст.",
    "options": ["понимать", "понять", "понял", "понимался"],
    "correct_index": 1
  },
  {
    "question": "Причастие: Какой вариант является действительным причастием настоящего времени?",
    "options": ["читающий", "прочитанный", "прочитав", "читал"],
    "correct_index": 0
  },
  {
    "question": "Какое слово – страдательное причастие?",
    "options": ["делающий", "сделавший", "сделанный", "делавший"],
    "correct_index": 2
  },
  {
    "question": "Деепричастие от «читать»:",
    "options": ["читающий", "читая", "читал", "прочитал"],
    "correct_index": 1
  },
  {
    "question": "Выберите деепричастие от «сделать»:",
    "options": ["делая", "сделав", "сделанный", "делавший"],
    "correct_index": 1
  },
  {
    "question": "Как правильно: Прочитав текст, он ___ ответ.",
    "options": ["написал", "писал", "пишет", "будет писать"],
    "correct_index": 0
  },
  {
    "question": "Сложноподчинённое предложение: Я пришёл раньше, ___ не опоздать.",
    "options": ["когда", "чтобы", "потому что", "если"],
    "correct_index": 1
  },
  {
    "question": "Как правильно: Когда я ___, позвони мне.",
    "options": ["пришёл", "приду", "приходил", "приходу"],
    "correct_index": 1
  },
  {
    "question": "Выберите правильный вариант: Если ты ___, мы поедем вместе.",
    "options": ["хочешь", "хотел", "будешь хотеть", "захотел"],
    "correct_index": 0
  },
  {
    "question": "Союз времени:",
    "options": ["чтобы", "когда", "потому что", "если"],
    "correct_index": 1
  },
  {
    "question": "Союз причины:",
    "options": ["если", "когда", "потому что", "чтобы"],
    "correct_index": 2
  },
  {
    "question": "Союз условия:",
    "options": ["потому что", "если", "когда", "чтобы"],
    "correct_index": 1
  },
  {
    "question": "Как правильно: Она ушла, потому что ей ___ плохо.",
    "options": ["было", "есть", "будет", "были"],
    "correct_index": 0
  },
  {
    "question": "Выберите правильный вариант: Когда я ___, он уже спал.",
    "options": ["пришёл", "приду", "приходил", "приходу"],
    "correct_index": 0
  },
  {
    "question": "Движение с приставкой: Он ___ в комнату и сел.",
    "options": ["вошёл", "ушёл", "пришёл", "подошёл"],
    "correct_index": 0
  },
  {
    "question": "Движение с приставкой: Мы ___ из дома в восемь утра.",
    "options": ["пришли", "ушли", "вышли", "подошли"],
    "correct_index": 2
  },
  {
    "question": "Выберите правильный вариант: Студенты ___ к преподавателю с вопросами.",
    "options": ["пришли", "ушли", "подошли", "вошли"],
    "correct_index": 2
  },
  {
    "question": "Как правильно: Он ___ к двери и открыл её.",
    "options": ["подошёл", "пришёл", "ушёл", "вошёл"],
    "correct_index": 0
  },
  {
    "question": "Выберите правильный глагол: Вчера мы долго ___ по городу.",
    "options": ["ходили", "сходили", "вышли", "ушли"],
    "correct_index": 0
  },
  {
    "question": "Управление: Он отвечает ___ (письмо).",
    "options": ["на письмо", "о письме", "к письму", "в письме"],
    "correct_index": 0
  },
  {
    "question": "Управление: Она заботится ___ (дети).",
    "options": ["за детей", "о детях", "к детям", "детей"],
    "correct_index": 1
  },
  {
    "question": "Как правильно: Он мечтает ___ путешествии.",
    "options": ["о", "об", "на", "к"],
    "correct_index": 1
  },
  {
    "question": "Выберите правильный вариант: Я благодарен тебе ___ помощь.",
    "options": ["за", "о", "к", "с"],
    "correct_index": 0
  },
  {
    "question": "Как правильно: Он занимается ___ (спорт).",
    "options": ["спорт", "спортом", "спорту", "о спорте"],
    "correct_index": 1
  }
]
