[
  { "en": "общественность", "uz": "jamoatchilik" },
  { "en": "гражданство", "uz": "fuqarolik" },
  { "en": "конституция", "uz": "konstitutsiya" },
  { "en": "законодательство", "uz": "qonunchilik" },
  { "en": "правосудие", "uz": "adliya" },
  { "en": "юрист", "uz": "yurist" },
  { "en": "обвинение", "uz": "ayblov" },
  { "en": "защита", "uz": "himoya" },
  { "en": "нарушение", "uz": "buzilish" },
  { "en": "ответственность", "uz": "javobgarlik" },

  { "en": "демократия", "uz": "demokratiya" },
  { "en": "диктатура", "uz": "diktatura" },
  { "en": "влияние", "uz": "ta'sir" },
  { "en": "давление", "uz": "bosim" },
  { "en": "протест", "uz": "norozilik" },
  { "en": "реформа", "uz": "islohot" },
  { "en": "инициатива", "uz": "tashabbus" },
  { "en": "коррупция", "uz": "korruptsiya" },
  { "en": "оппозиция", "uz": "oppozitsiya" },
  { "en": "коалиция", "uz": "koalitsiya" },

  { "en": "экономика", "uz": "iqtisodiyot" },
  { "en": "инфляция", "uz": "inflyatsiya" },
  { "en": "рецессия", "uz": "recessiya" },
  { "en": "конкуренция", "uz": "raqobat" },
  { "en": "производство", "uz": "ishlab chiqarish" },
  { "en": "прибыль", "uz": "foyda" },
  { "en": "расходы", "uz": "xarajatlar" },
  { "en": "инвестиция", "uz": "investitsiya" },
  { "en": "кредит", "uz": "kredit" },
  { "en": "долг", "uz": "qarz" },

  { "en": "бюджет", "uz": "byudjet" },
  { "en": "доход", "uz": "daromad" },
  { "en": "депозит", "uz": "depozit" },
  { "en": "валюта", "uz": "valyuta" },
  { "en": "рынок", "uz": "bozor" },
  { "en": "монополия", "uz": "monopoliya" },
  { "en": "партнёрство", "uz": "hamkorlik" },
  { "en": "стартап", "uz": "startap" },
  { "en": "предприниматель", "uz": "tadbirkor" },
  { "en": "банкротство", "uz": "bankrotlik" },

  { "en": "инновация", "uz": "innovatsiya" },
  { "en": "эффективность", "uz": "samaradorlik" },
  { "en": "оптимизация", "uz": "optimallashtirish" },
  { "en": "производительность", "uz": "ish unumdorligi" },
  { "en": "переговоры", "uz": "muzokaralar" },
  { "en": "соглашение", "uz": "kelishuv" },
  { "en": "контракт", "uz": "kontrakt" },
  { "en": "обязательство", "uz": "majburiyat" },
  { "en": "рейтинг", "uz": "reyting" },
  { "en": "репутация", "uz": "obro'" },

  { "en": "конфликт", "uz": "zidiyat" },
  { "en": "компромисс", "uz": "murosa" },
  { "en": "уступка", "uz": "yon bosish" },
  { "en": "сотрудничество", "uz": "hamkorlik" },
  { "en": "соперничество", "uz": "raqobat" },
  { "en": "поддержка", "uz": "qo'llab-quvvatlash" },
  { "en": "давление", "uz": "bosim" },
  { "en": "аргумент", "uz": "dalil" },
  { "en": "доказательство", "uz": "isbot" },
  { "en": "убеждение", "uz": "ishontirish" },

  { "en": "мировоззрение", "uz": "dunyoqarash" },
  { "en": "убеждение", "uz": "e'tiqod" },
  { "en": "ценность", "uz": "qadriyat" },
  { "en": "приоритет", "uz": "ustuvorlik" },
  { "en": "ответственность", "uz": "mas'uliyat" },
  { "en": "инициативность", "uz": "faollik" },
  { "en": "целеустремлённость", "uz": "maqsadga intilish" },
  { "en": "самостоятельность", "uz": "mustaqillik" },
  { "en": "саморазвитие", "uz": "o'zini rivoj" },
  { "en": "самодисциплина", "uz": "o'zini nazorat" },

  { "en": "осознание", "uz": "anglash" },
  { "en": "восприятие", "uz": "qabul qilish" },
  { "en": "интуиция", "uz": "intuisiya" },
  { "en": "объективность", "uz": "ob'ektivlik" },
  { "en": "предвзятость", "uz": "bir tomonlama" },
  { "en": "стереотип", "uz": "stereotip" },
  { "en": "предубеждение", "uz": "oldindan fikr" },
  { "en": "толерантность", "uz": "bag'rikenglik" },
  { "en": "дискриминация", "uz": "kamsitish" },
  { "en": "идентичность", "uz": "identitet" },

  { "en": "многообразие", "uz": "xilma-xillik" },
  { "en": "равенство", "uz": "tenglik" },
  { "en": "справедливость", "uz": "adolat" },
  { "en": "солидарность", "uz": "hamjihatlik" },
  { "en": "равнодушие", "uz": "befarqlik" },
  { "en": "сочувствие", "uz": "hamdardlik" },
  { "en": "сострадание", "uz": "rahm-shafqat" },
  { "en": "враждебность", "uz": "dushmanlik" },
  { "en": "уважительное отношение", "uz": "hurmat munosabat" },
  { "en": "общественное мнение", "uz": "jamoa fikri" },

  { "en": "глобализация", "uz": "globallashuv" },
  { "en": "миграция", "uz": "migratsiya" },
  { "en": "урбанизация", "uz": "urbanizatsiya" },
  { "en": "индустриализация", "uz": "industrializatsiya" },
  { "en": "цифровизация", "uz": "raqamlashtirish" },
  { "en": "уровень жизни", "uz": "hayot darajasi" },
  { "en": "социальное неравенство", "uz": "ijtimoiy tengsizlik" },
  { "en": "социальная защита", "uz": "ijtimoiy himoya" },
  { "en": "пенсионная система", "uz": "pensiya tizimi" },
  { "en": "налоговая политика", "uz": "soliq siyosati" },

  { "en": "информационная среда", "uz": "axborot muhit" },
  { "en": "медиапространство", "uz": "media makon" },
  { "en": "достоверный источник", "uz": "ishonarli manba" },
  { "en": "общественный ресурс", "uz": "jamoa resurs" },
  { "en": "официальное заявление", "uz": "rasmiy bayonot" },
  { "en": "пресс-конференция", "uz": "matbuot anjumani" },
  { "en": "журналистское расследование", "uz": "jurnalistik tekshiruv" },
  { "en": "свобода слова", "uz": "so'z erkinligi" },
  { "en": "информационная безопасность", "uz": "axborot xavfsizligi" },
  { "en": "киберугроза", "uz": "kiber tahdid" },

  { "en": "исследование", "uz": "tadqiqot" },
  { "en": "гипотеза", "uz": "gipoteza" },
  { "en": "эксперимент", "uz": "eksperiment" },
  { "en": "наблюдение", "uz": "kuzatuv" },
  { "en": "вывод", "uz": "xulosa" },
  { "en": "анализ", "uz": "tahlil" },
  { "en": "сравнение", "uz": "solishtirish" },
  { "en": "результат", "uz": "natija" },
  { "en": "теория", "uz": "nazariya" },
  { "en": "концепция", "uz": "konsepsiya" },

  { "en": "качество образования", "uz": "ta'lim sifati" },
  { "en": "академическая честность", "uz": "akademik halollik" },
  { "en": "критическое мышление", "uz": "tanqidiy fikr" },
  { "en": "когнитивные навыки", "uz": "kognitiv ko'nikma" },
  { "en": "профессиональная подготовка", "uz": "kasbiy tayyorgarlik" },
  { "en": "повышение квалификации", "uz": "malaka oshirish" },
  { "en": "межкультурная коммуникация", "uz": "madaniyataro aloqa" },
  { "en": "публичное выступление", "uz": "ommaviy nutq" },
  { "en": "дистанционное обучение", "uz": "masofaviy ta'lim" },
  { "en": "научная статья", "uz": "ilmiy maqola" },

  { "en": "экологический кризис", "uz": "ekologik inqiroz" },
  { "en": "климатические изменения", "uz": "iqlim o'zgarishi" },
  { "en": "парниковый эффект", "uz": "issiqxona effekti" },
  { "en": "выбросы углекислого газа", "uz": "uglerod chiqishi" },
  { "en": "возобновляемая энергия", "uz": "qayta energiya" },
  { "en": "энергосбережение", "uz": "energiya tejash" },
  { "en": "биологическое разнообразие", "uz": "biologik xilma" },
  { "en": "природные ресурсы", "uz": "tabiiy resurslar" },
  { "en": "устойчивое развитие", "uz": "barqaror rivoj" },
  { "en": "загрязнение среды", "uz": "muhit ifloslanish" },

  { "en": "личностный рост", "uz": "shaxsiy o'sish" },
  { "en": "эмоциональная устойчивость", "uz": "emosional barqaror" },
  { "en": "самооценка", "uz": "o'zini baho" },
  { "en": "самокритика", "uz": "o'zini tanqid" },
  { "en": "психологическая поддержка", "uz": "psixologik yordam" },
  { "en": "профессиональное выгорание", "uz": "kasbiy kuyish" },
  { "en": "стрессоустойчивость", "uz": "stressga chidam" },
  { "en": "жизненные ценности", "uz": "hayot qadriyati" },
  { "en": "осознанный выбор", "uz": "ongli tanlov" },
  { "en": "долгосрочная цель", "uz": "uzoq maqsad" },

  { "en": "аргументированная позиция", "uz": "asosli pozitsiya" },
  { "en": "логическая связь", "uz": "mantiqiy bog'" },
  { "en": "причинно-следственная связь", "uz": "sabab oqibat" },
  { "en": "убедительное доказательство", "uz": "ishonarli isbot" },
  { "en": "контраргумент", "uz": "qarshi dalil" },
  { "en": "рациональное решение", "uz": "ratsional qaror" },
  { "en": "этический выбор", "uz": "axloqiy tanlov" },
  { "en": "моральная дилемма", "uz": "axloqiy dilemm" },
  { "en": "социальная ответственность", "uz": "ijtimoiy mas'uliyat" },
  { "en": "гражданская активность", "uz": "fuqarolik faollik" },

  { "en": "аналитическое мышление", "uz": "analitik tafakkur" },
  { "en": "системный подход", "uz": "tizimli yondashuv" },
  { "en": "стратегическое планирование", "uz": "strategik reja" },
  { "en": "управленческое решение", "uz": "boshqaruv qaror" },
  { "en": "командное взаимодействие", "uz": "jamoaviy ish" },
  { "en": "корпоративная культура", "uz": "korporativ madaniyat" },
  { "en": "организационные изменения", "uz": "tashkiliy o'zgarish" },
  { "en": "профессиональная репутация", "uz": "kasbiy obro'" },
  { "en": "долговременное сотрудничество", "uz": "uzoq hamkorlik" },
  { "en": "персональная ответственность", "uz": "shaxsiy javob" }
]
