[
  { "en": "x ni toping: (2x - 2) / 2 = 10", "uz": "11" },
  { "en": "x ni toping: (2x - 2) / 2 = 13", "uz": "14" },
  { "en": "x ni toping: (2x - 2) / 2 = 16", "uz": "17" },
  { "en": "x ni toping: (2x - 2) / 2 = 19", "uz": "20" },
  { "en": "x ni toping: (2x - 2) / 2 = 22", "uz": "23" },
  { "en": "x ni toping: (2x - 4) / 2 = 10", "uz": "12" },
  { "en": "x ni toping: (2x - 4) / 2 = 13", "uz": "15" },
  { "en": "x ni toping: (2x - 4) / 2 = 16", "uz": "18" },
  { "en": "x ni toping: (2x - 4) / 2 = 19", "uz": "21" },
  { "en": "x ni toping: (2x - 4) / 2 = 22", "uz": "24" },
  { "en": "x ni toping: (2x - 6) / 2 = 10", "uz": "13" },
  { "en": "x ni toping: (2x - 6) / 2 = 13", "uz": "16" },
  { "en": "x ni toping: (2x - 6) / 2 = 16", "uz": "19" },
  { "en": "x ni toping: (2x - 6) / 2 = 19", "uz": "22" },
  { "en": "x ni toping: (2x - 6) / 2 = 22", "uz": "25" },
  { "en": "x ni toping: (2x - 8) / 2 = 10", "uz": "14" },
  { "en": "x ni toping: (2x - 8) / 2 = 13", "uz": "17" },
  { "en": "x ni toping: (2x - 8) / 2 = 16", "uz": "20" },
  { "en": "x ni toping: (2x - 8) / 2 = 19", "uz": "23" },
  { "en": "x ni toping: (2x - 8) / 2 = 22", "uz": "26" },
  { "en": "x ni toping: (3x - 1) / 2 = 10", "uz": "7" },
  { "en": "x ni toping: (3x - 1) / 2 = 13", "uz": "9" },
  { "en": "x ni toping: (3x - 1) / 2 = 16", "uz": "11" },
  { "en": "x ni toping: (3x - 1) / 2 = 19", "uz": "13" },
  { "en": "x ni toping: (3x - 1) / 2 = 22", "uz": "15" },
  { "en": "x ni toping: (3x - 2) / 2 = 10", "uz": "22/3" },
  { "en": "x ni toping: (3x - 4) / 2 = 10", "uz": "8" },
  { "en": "x ni toping: (3x - 4) / 2 = 13", "uz": "10" },
  { "en": "x ni toping: (3x - 4) / 2 = 16", "uz": "12" },
  { "en": "x ni toping: (3x - 4) / 2 = 19", "uz": "14" },

  { "en": "Tenglama: x² +2x -15 = 0.\nKichik ildizni toping.", "uz": "-5" },
  { "en": "Tenglama: x² +2x -15 = 0.\nKatta ildizni toping.", "uz": "3" },
  { "en": "Tenglama: x² -3x -10 = 0.\nKichik ildizni toping.", "uz": "-2" },
  { "en": "Tenglama: x² -3x -10 = 0.\nKatta ildizni toping.", "uz": "5" },
  { "en": "Tenglama: x² -x -20 = 0.\nKatta ildizni toping.", "uz": "5" },
  { "en": "Tenglama: x² -x -20 = 0.\nKichik ildizni toping.", "uz": "-4" },
  { "en": "Tenglama: x² -7x +10 = 0.\nKatta ildizni toping.", "uz": "5" },
  { "en": "Tenglama: x² -7x +10 = 0.\nKichik ildizni toping.", "uz": "2" },
  { "en": "Tenglama: x² -9x +18 = 0.\nKichik ildizni toping.", "uz": "3" },
  { "en": "Tenglama: x² -9x +18 = 0.\nKatta ildizni toping.", "uz": "6" },
  { "en": "Tenglama: x² +x -12 = 0.\nKichik ildizni toping.", "uz": "-4" },
  { "en": "Tenglama: x² +x -12 = 0.\nKatta ildizni toping.", "uz": "3" },
  { "en": "Tenglama: x² -4x -21 = 0.\nKatta ildizni toping.", "uz": "7" },
  { "en": "Tenglama: x² -4x -21 = 0.\nKichik ildizni toping.", "uz": "-3" },
  { "en": "Tenglama: x² -6x -16 = 0.\nKatta ildizni toping.", "uz": "8" },
  { "en": "Tenglama: x² -6x -16 = 0.\nKichik ildizni toping.", "uz": "-2" },
  { "en": "Tenglama: x² -11x +24 = 0.\nKichik ildizni toping.", "uz": "3" },
  { "en": "Tenglama: x² -11x +24 = 0.\nKatta ildizni toping.", "uz": "8" },
  { "en": "Tenglama: x² -5x -14 = 0.\nKichik ildizni toping.", "uz": "-2" },
  { "en": "Tenglama: x² -5x -14 = 0.\nKatta ildizni toping.", "uz": "7" },
  { "en": "Tenglama: x² +4x -21 = 0.\nKatta ildizni toping.", "uz": "3" },
  { "en": "Tenglama: x² +4x -21 = 0.\nKichik ildizni toping.", "uz": "-7" },
  { "en": "Tenglama: x² -x -30 = 0.\nKichik ildizni toping.", "uz": "-5" },
  { "en": "Tenglama: x² -x -30 = 0.\nKatta ildizni toping.", "uz": "6" },
  { "en": "Tenglama: x² -8x +15 = 0.\nKichik ildizni toping.", "uz": "3" },
  { "en": "Tenglama: x² -8x +15 = 0.\nKatta ildizni toping.", "uz": "5" },
  { "en": "Tenglama: x² -10x +21 = 0.\nKichik ildizni toping.", "uz": "3" },
  { "en": "Tenglama: x² -10x +21 = 0.\nKatta ildizni toping.", "uz": "7" },
  { "en": "Tizimni yeching:\n2x + 3y = 7\n3x + 4y = 10\nx ni toping.", "uz": "2" },
  { "en": "Tizimni yeching:\n2x + 3y = 7\n3x + 4y = 10\ny ni toping.", "uz": "1" },
  { "en": "Tizimni yeching:\n3x + 2y = 12\n5x + 2y = 20\nx ni toping.", "uz": "4" },
  { "en": "Tizimni yeching:\n3x + 2y = 12\n5x + 2y = 20\ny ni toping.", "uz": "0" },
  { "en": "Tizimni yeching:\n4x + y = 13\n2x - y = 1\nx ni toping.", "uz": "3" },
  { "en": "Tizimni yeching:\n4x + y = 13\n2x - y = 1\ny ni toping.", "uz": "1" },
  { "en": "Tizimni yeching:\n5x - y = 9\n3x + y = 11\nx ni toping.", "uz": "2" },
  { "en": "Tizimni yeching:\n5x - y = 9\n3x + y = 11\ny ni toping.", "uz": "1" },
  { "en": "Tizimni yeching:\n2x + 5y = 20\nx - y = 1\nx ni toping.", "uz": "5" },
  { "en": "Tizimni yeching:\n2x + 5y = 20\nx - y = 1\ny ni toping.", "uz": "4" },

  { "en": "Arifmetik progressiyada a₁ = -4, d = 3. a7 ni toping.", "uz": "14" },
  { "en": "Arifmetik progressiyada a₁ = 2, d = 5. a6 ni toping.", "uz": "27" },
  { "en": "Arifmetik progressiyada a₁ = 5, d = -2. a8 ni toping.", "uz": "-9" },
  { "en": "Arifmetik progressiyada a₁ = -3, d = 4. a5 ni toping.", "uz": "13" },
  { "en": "Arifmetik progressiyada a₁ = 7, d = 3. a9 ni toping.", "uz": "31" },
  { "en": "Geometrik progressiyada a₁ = 2, q = 3. a4 ni toping.", "uz": "54" },
  { "en": "Geometrik progressiyada a₁ = 3, q = 2. a5 ni toping.", "uz": "48" },
  { "en": "Geometrik progressiyada a₁ = 1, q = 4. a4 ni toping.", "uz": "64" },
  { "en": "Geometrik progressiyada a₁ = 5, q = 2. a6 ni toping.", "uz": "160" },
  { "en": "Geometrik progressiyada a₁ = 4, q = 3. a5 ni toping.", "uz": "324" },

  { "en": "To'g'ri burchakli uchburchakda katetlar 6 va 8. Gipotenuzani toping.", "uz": "10" },
  { "en": "To'g'ri burchakli uchburchakda katetlar 9 va 12. Gipotenuzani toping.", "uz": "15" },
  { "en": "To'g'ri burchakli uchburchakda katetlar 10 va 24. Gipotenuzani toping.", "uz": "26" },
  { "en": "To'g'ri burchakli uchburchakda katet 7 va 24, gipotenuza 25. Ikkinchi katetni toping.", "uz": "24" },
  { "en": "To'g'ri burchakli uchburchakda katetlar 15 va 20. Gipotenuzani toping.", "uz": "25" },
  { "en": "3 tomonli ko'pburchak ichki burchaklari yig'indisini toping.", "uz": "180" },
  { "en": "5 tomonli ko'pburchak ichki burchaklari yig'indisini toping.", "uz": "540" },
  { "en": "7 tomonli ko'pburchak ichki burchaklari yig'indisini toping.", "uz": "900" },
  { "en": "8 tomonli ko'pburchak ichki burchaklari yig'indisini toping.", "uz": "1080" },
  { "en": "10 tomonli ko'pburchak ichki burchaklari yig'indisini toping.", "uz": "1440" },
  { "en": "6 tomonli muntazam ko'pburchak ichki burchagi o'lchamini toping.", "uz": "120" },
  { "en": "5 tomonli muntazam ko'pburchak ichki burchagi o'lchamini toping.", "uz": "108" },
  { "en": "8 tomonli muntazam ko'pburchak ichki burchagi o'lchamini toping.", "uz": "135" },
  { "en": "9 tomonli muntazam ko'pburchak ichki burchagi o'lchamini toping.", "uz": "140" },
  { "en": "10 tomonli muntazam ko'pburchak ichki burchagi o'lchamini toping.", "uz": "144" },

  { "en": "Radiusi 3 bo'lgan doiraning uzunligini toping (π≈3.14).", "uz": "18.84" },
  { "en": "Radiusi 5 bo'lgan doiraning uzunligini toping (π≈3.14).", "uz": "31.4" },
  { "en": "Radiusi 7 bo'lgan doiraning uzunligini toping (π≈3.14).", "uz": "43.96" },
  { "en": "Radiusi 9 bo'lgan doiraning uzunligini toping (π≈3.14).", "uz": "56.52" },

  { "en": "Qutida 10 ta shar bor, shulardan 3 tasi qizil. Qizil shar chiqish ehtimolini kasrda yozing.", "uz": "3/10" },
  { "en": "Qutida 5 ta shar bor, shulardan 2 tasi qizil. Qizil shar chiqish ehtimolini kasrda yozing.", "uz": "2/5" },
  { "en": "Qutida 4 ta shar bor, shulardan 1 tasi qizil. Qizil shar chiqish ehtimolini kasrda yozing.", "uz": "1/4" },
  { "en": "Qutida 9 ta shar bor, shulardan 4 tasi qizil. Qizil shar chiqish ehtimolini kasrda yozing.", "uz": "4/9" },

  { "en": "f(x) = x² funksiyaning hosilasini toping.", "uz": "2x" },
  { "en": "f(x) = 3x³ funksiyaning hosilasini toping.", "uz": "9x²" },
  { "en": "f(x) = 5x² + 2x funksiyaning hosilasini toping.", "uz": "10x+2" },
  { "en": "f(x) = 7x - 4 funksiyaning hosilasini toping.", "uz": "7" },
  { "en": "f(x) = x³ - 3x² funksiyaning hosilasini toping.", "uz": "3x²-6x" },
  { "en": "f(x) = 2x² - 8x + 1 funksiyaning hosilasini toping.", "uz": "4x-8" },

  { "en": "log₁₀ 100 qiymatini toping.", "uz": "2" },
  { "en": "log₂ 8 qiymatini toping.", "uz": "3" },
  { "en": "log₃ 27 qiymatini toping.", "uz": "3" },
  { "en": "log₅ 25 qiymatini toping.", "uz": "2" },

  { "en": "|x - 3| = 2 tenglamaning katta yechimini toping.", "uz": "5" },
  { "en": "|x - 3| = 4 tenglamaning katta yechimini toping.", "uz": "7" },
  { "en": "|x - 5| = 2 tenglamaning katta yechimini toping.", "uz": "7" },
  { "en": "|x - 5| = 4 tenglamaning katta yechimini toping.", "uz": "9" },
  { "en": "|x - 7| = 2 tenglamaning katta yechimini toping.", "uz": "9" },
  { "en": "|x - 7| = 4 tenglamaning katta yechimini toping.", "uz": "11" }
]
