[
  {
    "question": "أكمل أسلوب الشرط الجازم الصحيح: إنْ تَجتهدْ، ___ .",
    "options": ["تنجحْ", "تنجحُ", "ستنجحُ", "كنتَ ناجحًا"],
    "correct_index": 0
  },
  {
    "question": "اختر جملة فيها شرط جازم مع فعلين مجزومين:",
    "options": ["إنْ تدرسْ تنجحْ", "لو تدرسُ تنجحُ", "إذا تدرسُ تنجحُ", "كلما تدرسُ تنجحُ"],
    "correct_index": 0
  },
  {
    "question": "أيُّ أداة شرط تجزم فعلين؟",
    "options": ["لو", "إذا", "إنْ", "كلما"],
    "correct_index": 2
  },
  {
    "question": "أكمل: مَن يَتَّقِ اللهَ ___ له مخرجًا.",
    "options": ["يجعلُ", "يجعلْ", "سيجعلُ", "جعلَ"],
    "correct_index": 1
  },
  {
    "question": "أيُّ تركيبٍ صحيح مع مهما الشرطية؟",
    "options": ["مهما تعملْ تُجزَ", "مهما تعملُ تُجزى", "مهما عملتَ تُجزى", "مهما تعملْ تُجزى"],
    "correct_index": 3
  },
  {
    "question": "أكمل: أينما تذهبْ ___ الخيرَ.",
    "options": ["تجدُ", "ستجدُ", "تجدْ", "وجدتَ"],
    "correct_index": 2
  },
  {
    "question": "أيُّ جملة شرطية صيغتها سليمة؟",
    "options": ["إنْ تحضرْ مبكرًا تُكافَأْ", "إنْ تحضرُ مبكرًا تُكافَأْ", "إنْ تحضرْ مبكرًا تُكافَأُ", "إنْ تحضرُ مبكرًا تُكافَأُ"],
    "correct_index": 0
  },
  {
    "question": "أيُّ مثال يُظهِر شرطًا غير جازم؟",
    "options": ["إنْ تأتِ أُكرِمْك", "لو جئتَ لأكرمتُك", "إنْ جئتَ أكرمْكَ", "من يجتهدْ ينجحْ"],
    "correct_index": 1
  },
  {
    "question": "اختر جملة صحيحة المعنى والمبنى:",
    "options": ["إنْ تصبرْ تُؤجَرْ", "إنْ تصبرُ تُؤجَرُ", "إنْ تصبرْ تُؤجَرُ", "إنْ تصبرُ تُؤجَرْ"],
    "correct_index": 0
  },
  {
    "question": "أيُّ جملةٍ فيها شرط جامد لا يُنتظر تحقّقه؟",
    "options": ["لو كنتُ طائرًا لطُرتُ بعيدًا", "إنْ تدرسْ تنجحْ", "من يعملْ خيرًا يَجِدْه", "إذا حضرتَ فسنفرح"],
    "correct_index": 0
  },
  {
    "question": "أكمل أسلوب الاستثناء التام المثبت: حضرَ الطلابُ ___ زيدٍ.",
    "options": ["إلاّ", "غيرَ", "سوى", "عدا"],
    "correct_index": 0
  },
  {
    "question": "أيُّ جملة استثناء تام منفي صحيحة؟",
    "options": ["ما حضرَ أحدٌ إلاّ زيدًا", "ما حضرَ أحدٌ إلاّ زيدٌ", "ما حضرَ الطلابُ إلاّ زيدًا", "ما حضرَ الطلابُ إلاّ زيدٍ"],
    "correct_index": 2
  },
  {
    "question": "اختر تركيب الاستثناء الناقص المنفي:",
    "options": ["ما جاءَ الطلابُ إلاّ الطالبَ المجتهدَ", "ما جاءَ إلاّ الطالبُ المجتهدُ", "حضرَ الطلابُ إلاّ زيدًا", "ما جاء أحدٌ"],
    "correct_index": 1
  },
  {
    "question": "أيُّ استعمالٍ لـ «غير» في الاستثناء صحيح؟",
    "options": ["جاءَ الطلابُ غيرَ زيدٍ", "جاءَ غيرُ الطلابِ زيدًا", "غيرُ الطلابِ جاءَ زيدٌ", "ما جاءَ غيرُ زيدًا"],
    "correct_index": 0
  },
  {
    "question": "أكمل: حضرَ المسؤولون سوى ___ .",
    "options": ["الوزيرِ", "الوزيرُ", "الوزيرَ", "وزيرًا"],
    "correct_index": 2
  },
  {
    "question": "أيُّ جملة استثناء صحيحة من حيث الإعراب؟",
    "options": ["نجحَ الطلابُ إلاّ طالبٌ", "نجحَ الطلابُ إلاّ طالبًا", "نجحَ إلاّ الطلابُ طالبًا", "نجحَ إلاّ طالبٍ الطلابُ"],
    "correct_index": 1
  },
  {
    "question": "أيُّ أسلوب يُسمّى استثناءً مفرّغًا؟",
    "options": ["ما جاءَ إلاّ زيدٌ", "جاءَ الطلابُ إلاّ زيدًا", "ما جاءَ الطلابُ إلاّ زيدًا", "ما جاءَ الطلابُ إلاّ القليلَ"],
    "correct_index": 0
  },
  {
    "question": "اختر الجملة التي فيها «إلّا» أداة استثناء لا زائدة:",
    "options": ["ما هذا إلاّ طالبٌ مجتهدٌ", "إنْ إلاّ تنجحُ", "ما جاءَني إلاّ هو", "ما إنْ إلاّ فعلتَ"],
    "correct_index": 2
  },
  {
    "question": "أيُّ جملةٍ فيها استثناء بـ «غير» بمعنى «إلاّ»؟",
    "options": ["ما حضرَ غيرُ زيدٍ", "غيرُ زيدٍ ما حضرَ", "ما حضرَ إلاّ غيرُ زيدٍ", "حضرَ غيرَ زيدٍ فقط"],
    "correct_index": 0
  },
  {
    "question": "أكمل: سافرَ القومُ عدا ___ .",
    "options": ["أحمدٌ", "أحمدًا", "أحمدٍ", "الأحمدِ"],
    "correct_index": 1
  },
  {
    "question": "أيُّ جملة نهي صحيحة بلا الناهية؟",
    "options": ["لا تكتبْ في الدفترِ بقلمٍ حبرٍ", "لا تكتبُ في الدفترِ", "لا كتبْ في الدفترِ", "لا أن تكتبْ في الدفترِ"],
    "correct_index": 0
  },
  {
    "question": "اختر صيغة الأمر من الفعل «احترمَ»:",
    "options": ["تحترمْ", "احترِمْ", "احترَمْ", "يحترمْ"],
    "correct_index": 1
  },
  {
    "question": "أي جملة فيها نهي مهذّب؟",
    "options": ["لا ترفعْ صوتَك", "لا ترفعُ صوتَك", "لا ترفعنَ صوتَك", "لِتَرفَعْ صوتَك"],
    "correct_index": 0
  },
  {
    "question": "أيُّ تعبيرٍ أدقُّ في الطلب المؤدّب؟",
    "options": ["اخرجْ من الغرفة فورًا", "اخرجْ!", "لو تخرجُ من الغرفة", "هلّا خرجتَ من الغرفة"],
    "correct_index": 3
  },
  {
    "question": "أي أمرٍ صيغ من المضارع المجزوم بحذف حرف العلة؟",
    "options": ["ادعُ ربَّك", "تدعو ربَّك", "ادعو ربَّك", "يدعو ربَّه"],
    "correct_index": 0
  },
  {
    "question": "اختر صيغة الأمر الصحيحة من «كتب»:",
    "options": ["اكتبْ", "تكتبْ", "اكتُبُ", " كاتِبْ"],
    "correct_index": 0
  },
  {
    "question": "أي جملةٍ فيها أسلوب نهي عن فعلٍ مستقبلي؟",
    "options": ["لا تأكلْ كثيرًا", "لم تأكلْ كثيرًا", "لن تأكلَ كثيرًا", "ما تأكلُ كثيرًا"],
    "correct_index": 0
  },
  {
    "question": "أكمل جملة الأمر مع التوكيد باللام: ___ دروسَك لِتنجحَ.",
    "options": ["لا تتركْ", "اتركْ", "ذاكِرْ", "لِتذاكِرْ"],
    "correct_index": 2
  },
  {
    "question": "اختر أسلوب أمر يدلّ على النصح لا الإلزام:",
    "options": ["يجب أن تدرسَ الآن", "من الأفضل أن تدرسَ الآن", "لا بُدَّ أن تدرسَ الآن", "عليك أن تدرسَ الآن"],
    "correct_index": 1
  },
  {
    "question": "أيُّ جملة فيها توكيد بـ «إنّ»؟",
    "options": ["الطالبُ مجتهدٌ", "إنّ الطالبَ مجتهدٌ", "الطالبُ إنّ مجتهدٌ", "إنّ مجتهدٌ الطالبُ"],
    "correct_index": 1
  },
  {
    "question": "اختر جملة فيها توكيد بـ «لقد» للفعل الماضي:",
    "options": ["قد ينجحُ الطالبُ", "لقد نجحَ الطالبُ", "لقد ينجحُ الطالبُ", "قد نجحَ الطالبُ إنّ"],
    "correct_index": 1
  },
  {
    "question": "أيُّ جملة فيها توكيد باللام في خبر المبتدأ؟",
    "options": ["إنّ الطالبَ لمجتهدٌ", "إنّ الطالبَ مجتهدٌ", "الطالبُ لمجتهدٌ", "الطالبُ لمجتهدًا"],
    "correct_index": 0
  },
  {
    "question": "أكمل: قد ___ الامتحانُ بسهولةٍ.",
    "options": ["يأتي", "جاءَ", "يأتِ", "يكونُ"],
    "correct_index": 0
  },
  {
    "question": "أيُّ جملة تستعمل «قد» مع المضارع للدلالة على الاحتمال؟",
    "options": ["قد نجحَ الطالبُ", "قد ينجحُ الطالبُ", "قد كانَ الطالبُ ناجحًا", "قد إنّ الطالبَ ناجح"],
    "correct_index": 1
  },
  {
    "question": "أي مثالٍ صحيح لاستعمال لام القسم؟",
    "options": ["لأقسمُ باللهِ لأجتهدنَّ", "أقسمُ باللهِ لأجتهدنَّ", "لأجتهدنَّ", "إنّ لأجتهدنَّ"],
    "correct_index": 1
  },
  {
    "question": "أيُّ جملة فيها توكيد بالفعل المؤكّد بنون التوكيد الثقيلة؟",
    "options": ["لأذهبنَّ غدًا", "أذهبُ غدًا", "سأذهبُ غدًا", "قد أذهبُ غدًا"],
    "correct_index": 0
  },
  {
    "question": "اختر جملةً فيها جملةٌ معترضة:",
    "options": ["جاءَ الطالبُ، كما تعلمُ، متأخّرًا", "جاءَ الطالبُ متأخّرًا", "الطالبُ متأخّرٌ دائمًا", "كما تعلمُ الطالبُ جاءَ"],
    "correct_index": 0
  },
  {
    "question": "في أيّ جملةٍ تُستعمل جملة توضّيحيّة؟",
    "options": ["اللغةُ العربيةُ، وهي لغةُ القرآنِ، لغةٌ عظيمةٌ", "اللغةُ العربيةُ لغةٌ عظيمةٌ", "هي لغةُ القرآنِ فقط", "العربيةُ لغةٌ"],
    "correct_index": 0
  },
  {
    "question": "أي تعبيرٍ يُعَدُّ جملةً معترضة؟",
    "options": ["على ما يبدو", "في البيت", "في الحقيقةِ الطالبُ مجتهدٌ", "الطالبُ في الحقيقةِ مجتهدٌ"],
    "correct_index": 0
  },
  {
    "question": "أكمل بجملة اعتراضية مناسبة: سافرَ أخي، ___، إلى تركيا.",
    "options": ["كما تعلمُ", "في البيتِ", "على الطاولةِ", "لأنّه متعبٌ"],
    "correct_index": 0
  },
  {
    "question": "أيُّ مثال فيه جملة معترضة بين شرطٍ وجوابه؟",
    "options": ["إنْ اجتهدتَ، كما أقولُ دائمًا، تنجحْ", "إنْ اجتهدتَ تنجحْ", "كما أقولُ دائمًا تنجحْ", "تنجحْ إنّ اجتهدتَ"],
    "correct_index": 0
  },
  {
    "question": "اختر فعلاً من أفعال الظنّ:",
    "options": ["ظنَّ", "كانَ", "إنَّ", "عسى"],
    "correct_index": 0
  },
  {
    "question": "أيُّ جملة فيها نصب مفعولين بعد فعل الظنّ؟",
    "options": ["ظننتُ الطالبَ مجتهدًا", "ظننتُ الطالبُ مجتهدٌ", "ظننتُ أنَّ الطالبَ مجتهدٌ", "إنّي ظننتُ الطالبَ مجتهدًا"],
    "correct_index": 0
  },
  {
    "question": "أيُّ فعلٍ من أفعال المقاربة؟",
    "options": ["كادَ", "ظنَّ", "كانَ", "إنَّ"],
    "correct_index": 0
  },
  {
    "question": "اختر الجملة الصحيحة مع «كاد»:",
    "options": ["كادَ المطرُ ينزلُ", "كادَ المطرُ نازلٌ", "كادَ أنْ ينزلَ المطرُ", "كادَ ينزلْ المطرُ"],
    "correct_index": 0
  },
  {
    "question": "أيُّ فعلٍ من أفعال الرجاء؟",
    "options": ["عسى", "ظنَّ", "كادَ", "صارَ"],
    "correct_index": 0
  },
  {
    "question": "أكمل باستعمال فعل الرجاء: ___ أنْ ينجحَ الطالبُ.",
    "options": ["ظنَّ", "عسى", "صار", "كاد"],
    "correct_index": 1
  },
  {
    "question": "اختر صيغة النسب الصحيحة إلى «العراق»:",
    "options": ["عراقيّ", "عراقِي", "عراقويّ", "عرقيّ"],
    "correct_index": 0
  },
  {
    "question": "صيغة النسب الصحيحة إلى «مصر»:",
    "options": ["مصريّ", "مصرِي", "مصرَويّ", "مصاريّ"],
    "correct_index": 0
  },
  {
    "question": "أيُّ صيغةٍ صحيحة للنسب إلى «تاريخ»؟",
    "options": ["تاريخيّ", "تاريخيّ", "تارخِيّ", "تارخيّ"],
    "correct_index": 1
  },
  {
    "question": "اختر النسب الصحيح إلى «عِلْم»:",
    "options": ["عِلمِيّ", "عَلَميّ", "عِلميّ", "عَلَمي"],
    "correct_index": 2
  },
  {
    "question": "أيُّ من التالي صيغة نسب صحيحة؟",
    "options": ["قلبِيّ", "قَلبيّ", "قلبيّ", "قلوبِيّ"],
    "correct_index": 2
  },
  {
    "question": "أي مثال للمفعول لأجله؟",
    "options": ["درستُ احترامًا للعلم", "درستُ في البيت", "درستُ مع صديقي", "درستُ إلى الليل"],
    "correct_index": 0
  },
  {
    "question": "اختر المفعول فيه (ظرف زمان):",
    "options": ["سافرتُ خوفًا", "سافرتُ صباحًا", "سافرتُ احترامًا", "سافرتُ مع صديقي"],
    "correct_index": 1
  },
  {
    "question": "أيُّ جملة فيها مفعول معه؟",
    "options": ["سِرتُ والطريقَ مظلمًا", "سِرتُ في الطريقِ", "سِرتُ إلى الطريق", "سِرتُ مع الطريقِ"],
    "correct_index": 0
  },
  {
    "question": "أكمل بجارٍّ ومجرور يدلّ على الظرف المكاني (مفعول فيه): سجدتُ ___ .",
    "options": ["شكرًا", "خوفًا", "في المسجدِ", "مع الناس"],
    "correct_index": 2
  },
  {
    "question": "اختر المفعول لأجله الصحيح: بكيتُ ___ لله.",
    "options": ["خوفًا", "في الليل", "في المسجد", "مع أخي"],
    "correct_index": 0
  },
  {
    "question": "أيُّ مثالٍ فيه أنْ والفعل المضارع في جملة معقّدة؟",
    "options": ["أريدُ أنْ أتعلمَ العربيةَ", "أريدُ العربيةَ", "العربيةُ سهلةٌ", "إنّ العربيةَ جميلةٌ"],
    "correct_index": 0
  },
  {
    "question": "اختر جملة فيها جملة صلة الموصول:",
    "options": ["الطالبُ الذي يدرسُ مجتهدٌ", "الطالبُ مجتهدٌ", "الذي مجتهدٌ", "الذي الطالبُ مجتهدٌ"],
    "correct_index": 0
  },
  {
    "question": "أيُّ جملةٍ تستعمل لام التعليل؟",
    "options": ["ذهبتُ لأتعلمَ", "ذهبتُ في المدرسة", "ذهبتُ مع صديقي", "ذهبتُ عند المساء"],
    "correct_index": 0
  },
  {
    "question": "اختر مثالًا لجملة معقّدة باستعمال أنّ:",
    "options": ["علمتُ أنّ الامتحانَ غدًا", "علمتُ الامتحانَ غدًا", "الامتحانُ غدًا", "إنّ الامتحانَ غدًا"],
    "correct_index": 0
  },
  {
    "question": "أي جملة فيها تشبيهٌ صريح؟",
    "options": ["العِلمُ نورٌ", "العالمُ بحرٌ", "الطالبُ كالنحلةِ في نشاطهِ", "القلبُ حجرٌ"],
    "correct_index": 2
  },
  {
    "question": "أيُّ مثالٍ للاستعارة؟",
    "options": ["العِلمُ نورٌ", "العلمُ كالنورِ", "الطالبُ مثلَ النحلة", "الليلُ كالستارِ"],
    "correct_index": 0
  },
  {
    "question": "أيُّ جملة تُعَدّ كناية عن الكرم؟",
    "options": ["فلانٌ طويلُ اليدِ", "فلانٌ طويلٌ", "فلانٌ كبيرُ الرأسِ", "فلانٌ شديدُ البصرِ"],
    "correct_index": 0
  },
  {
    "question": "أيّ تعبيرٍ كناية عن الجُبن؟",
    "options": ["يرتجفُ قلبُه", "واسعُ الصدرِ", "قويُّ القلبِ", "نورُ الوجهِ"],
    "correct_index": 0
  },
  {
    "question": "أيُّ جملة فيها تشبيهٌ بليغ؟",
    "options": ["هو أسدٌ في الشجاعةِ", "هو كالأسدِ في الشجاعةِ", "هو مثلَ الأسدِ", "هو كأنّه أسدٌ"],
    "correct_index": 0
  }
]
