[
  { "en": "Biologiya nimani o‘rganadi?", "uz": "tirik tabiat" },
  { "en": "Tirik organizmning eng kichik birligi nima?", "uz": "hujayra" },
  { "en": "Hujayra ichidagi suyuq modda nima?", "uz": "sitoplazma" },
  { "en": "Genetik axborot qayerda joylashgan?", "uz": "yadro" },
  { "en": "Hujayra tashqi chegarasi nima?", "uz": "membrana" },
  { "en": "Yadro ustini qoplaydigan tuzilma nima?", "uz": "yadro qobig'i" },
  { "en": "Energiyani ishlab chiqaruvchi organoid nima?", "uz": "mitoxondriya" },
  { "en": "Fotosintez qaysi organoidda kechadi?", "uz": "xloroplast" },
  { "en": "Faqat o‘simlik hujayrasida bo‘ladigan qattiq qavat nima?", "uz": "hujayra devori" },
  { "en": "Hujayra bo‘linishining oddiy turi nima?", "uz": "mitoz" },

  { "en": "Bir xil tuzilish va vazifali hujayralar guruhi nima?", "uz": "to'qima" },
  { "en": "Turli to‘qimalar yig‘indisi nima deb ataladi?", "uz": "organ" },
  { "en": "Bir necha organlar birga bajargan ish majmuasi nima?", "uz": "tizim" },
  { "en": "Nafas olish tizimining asosiy organi qaysi?", "uz": "o'pka" },
  { "en": "Qon aylanish tizimi markaziy a’zosi nima?", "uz": "yurak" },
  { "en": "Hazm qilish jarayoni asosan qayerda boshlanadi?", "uz": "og'iz" },
  { "en": "Ovqatni kislota bilan parchalaydigan organ qaysi?", "uz": "oshqozon" },
  { "en": "Asab impulslarini o‘tkazadigan hujayra nima?", "uz": "neyron" },
  { "en": "Organizmni tashqi muhitdan himoya qiladigan organ qaysi?", "uz": "teri" },
  { "en": "Qonni tanaga tarqatadigan quvurlar tizimi nima?", "uz": "qon tomirlar" },

  { "en": "DNKning asosiy vazifasi nima?", "uz": "irsiy axborot" },
  { "en": "Gen nima?", "uz": "irsiy birlik" },
  { "en": "Tashqi ko‘rinadigan belgilar majmuasi nima?", "uz": "fenotip" },
  { "en": "Genlar yig‘indisi nima deb ataladi?", "uz": "genotip" },
  { "en": "Ota-onadan keladigan belgilar jarayoni nima?", "uz": "irsiyat" },
  { "en": "Gameta nima?", "uz": "jinsiy hujayra" },
  { "en": "Gametalarning qo‘shilishi nima deb ataladi?", "uz": "urug'lanish" },
  { "en": "Xromosomalar soni yarmi bo‘lgan hujayralar qanday?", "uz": "haploid" },
  { "en": "Xromosomalar soni to‘liq bo‘lgan hujayralar qanday?", "uz": "diploid" },
  { "en": "Nasldan naslga o‘tmaydigan belgi qanday?", "uz": "orttirilgan" },

  { "en": "Fotosintez uchun energiya manbai nima?", "uz": "quyosh nuri" },
  { "en": "O‘simlik bargi yashil bo‘lishiga nima sabab?", "uz": "xlorofill" },
  { "en": "O‘simlik ildizining asosiy vazifasi nima?", "uz": "suv so'rish" },
  { "en": "Gulning rangli bargchalari nima?", "uz": "gulbarg" },
  { "en": "Urug‘ ichidagi yosh o‘simlik nima?", "uz": "embrion" },
  { "en": "O‘simlikdan urug‘siz ko‘payish turi nima?", "uz": "vegetativ" },
  { "en": "Ildiz, poya, barg nimaning misollari?", "uz": "vegetativ organ" },
  { "en": "Gul, meva, urug‘ qaysi organlarga kiradi?", "uz": "generativ organ" },
  { "en": "Suv asosan qaysi qismdan bug‘lanadi?", "uz": "barg" },
  { "en": "Bo‘linuvchi o‘simlik to‘qimasi nima?", "uz": "meristema" },

  { "en": "Qonda kislorod tashuvchi modda nima?", "uz": "gemoglobin" },
  { "en": "Qonni ivitishda qatnashadigan hujayralar nima?", "uz": "trombotsit" },
  { "en": "Organizmni mikroblardan himoya qiluvchi hujayralar?", "uz": "leykotsit" },
  { "en": "Qonning suyuq qismi nima deb ataladi?", "uz": "plazma" },
  { "en": "Yurakdan chiqadigan tomirlar qanday ataladi?", "uz": "arteriya" },
  { "en": "Yurakka qaytadigan tomirlar qanday ataladi?", "uz": "vena" },
  { "en": "Eng mayda qon tomirlari nima?", "uz": "kapillyar" },
  { "en": "Nafas olayotganda olinadigan asosiy gaz nima?", "uz": "kislorod" },
  { "en": "Nafas chiqarayotganda chiqariladigan gaz nima?", "uz": "uglerod gazi" },
  { "en": "Nafas olishda ko‘krakni kengaytiradigan mushak nima?", "uz": "diafragma" },

  { "en": "Ovqatni mayda bo‘laklarga ajratish jarayoni nima?", "uz": "hazm" },
  { "en": "Og‘iz bo‘shlig‘ida ovqatga ta’sir qiladigan suyuqlik nima?", "uz": "so'lak" },
  { "en": "Ichakda moddalarning qonga o‘tishi qanday jarayon?", "uz": "so'rilish" },
  { "en": "Oshqozon osti bezidan ajraladigan gormon nima?", "uz": "insulin" },
  { "en": "Insulin asosan qaysi kasallik bilan bog‘liq?", "uz": "diabet" },
  { "en": "Buyraklarning asosiy vazifasi nima?", "uz": "filtrlash" },
  { "en": "Organizm ortiqcha tuz va suvni nima orqali chiqaradi?", "uz": "siydik" },
  { "en": "Siydik qayerda yig‘iladi?", "uz": "siydik pufagi" },
  { "en": "Yurak va tomir kasalliklari umumiy nomi nima?", "uz": "kardio kasallik" },
  { "en": "Hazm tizimiga kiradigan uzun nay shaklidagi organ nima?", "uz": "ichak" },

  { "en": "Miya va orqa miya qaysi tizimga kiradi?", "uz": "markaziy asab" },
  { "en": "Asab impulslarini tashuvchi tolalar nima?", "uz": "asab tolasi" },
  { "en": "Sezgi organlaridan kelgan signallar qayerda qayta ishlanadi?", "uz": "bosh miya" },
  { "en": "Ko‘z qorachig‘i nima miqdorini boshqaradi?", "uz": "yorug'lik" },
  { "en": "Muvozanatni saqlashda ishtirok etuvchi quloq qismi qaysi?", "uz": "ichki quloq" },
  { "en": "Gormonlarni ishlab chiqaradigan tizim nima?", "uz": "endokrin tizim" },
  { "en": "Qalqonsimon bez qaysi gormonni ishlab chiqaradi?", "uz": "tiroksin" },
  { "en": "Stressda ko‘p ajraladigan gormon qanday ataladi?", "uz": "adrenalin" },
  { "en": "Jinsiy gormonlar asosan qayerda hosil bo‘ladi?", "uz": "jinsiy bez" },
  { "en": "Uyquni boshqarishga yordam beradigan gormon nima?", "uz": "melatonin" },

  { "en": "Populyatsiya deganda nima tushuniladi?", "uz": "bir tur guruhi" },
  { "en": "Bir hududdagi barcha tirik organizmlar yig‘indisi nima?", "uz": "biotsenoz" },
  { "en": "Tirik va jonsiz omillar majmuasi nima?", "uz": "ekotizim" },
  { "en": "Yer yuzidagi barcha tirik qism nima deb ataladi?", "uz": "biosfera" },
  { "en": "Organik modda ishlab chiqaruvchi organizmlar qanday?", "uz": "produsent" },
  { "en": "Organik moddani iste’mol qiluvchilar qanday?", "uz": "konsument" },
  { "en": "Chirindi va o‘lik tanani parchalovchilar qanday?", "uz": "reduksent" },
  { "en": "Oziq zanjiri nimani ko‘rsatadi?", "uz": "energiya oqimi" },
  { "en": "Turli turlar o‘rtasidagi foydali hamkorlik nima?", "uz": "mutualizm" },
  { "en": "Bir organizm foyda, boshqasi zarar ko‘radigan munosabat nima?", "uz": "parazitizm" },

  { "en": "Bakteriyalar qanday ko‘payadi?", "uz": "ikkiga bo'linish" },
  { "en": "Viruslar ko‘payishi uchun nima kerak?", "uz": "tirik hujayra" },
  { "en": "Mikroorganizmlar bilan yuzaga keladigan kasalliklar nima?", "uz": "infeksiya" },
  { "en": "Organizm mikroblarga qarshi ishlab chiqaradigan moddalar nima?", "uz": "antitana" },
  { "en": "Kasallikning oldini olish uchun qilinadigan usul nima?", "uz": "emlash" },
  { "en": "Bakteriyalarga qarshi ishlatiladigan dori turi nima?", "uz": "antibiotik" },
  { "en": "Organizmga zararli modda yoki organizm kirishi nima?", "uz": "infeksiya" },
  { "en": "Organizmning kasalliklarga qarshi tabiiy himoyasi nima?", "uz": "immunitet" },
  { "en": "Immunitetni pastlatadigan holat umumiy nomi nima?", "uz": "immun yetishmaslik" },
  { "en": "Charchoq va uyqusizlik ko‘p bo‘lsa, immunitet qanday bo‘ladi?", "uz": "pasayadi" },

  { "en": "Mutatsiya deganda nima tushuniladi?", "uz": "irsiy o'zgarish" },
  { "en": "Turlarning asta-sekin o‘zgarishi nima?", "uz": "evolyutsiya" },
  { "en": "Tabiiy tanlanish nazariyasini kim yaratgan?", "uz": "darvin" },
  { "en": "Faqat bitta turdan iborat kichik guruh nima?", "uz": "populyatsiya" },
  { "en": "Tur ichidagi irsiy farqlar nima deb ataladi?", "uz": "variatsiya" },
  { "en": "Grafikda keskin bir tomonga siljish qanday tanlanish turi?", "uz": "yo'naltirilgan" },
  { "en": "Organizmning muhitga moslashuvi nima?", "uz": "adaptatsiya" },
  { "en": "Organizmning yashab qolish qobiliyati nima?", "uz": "moslashuv" },
  { "en": "Yangi tur paydo bo‘lish jarayoni nima?", "uz": "turlanish" },
  { "en": "Evolyutsiyaning asosiy harakatlantiruvchi kuchi nima?", "uz": "tanlanish" },

  { "en": "Odam skeletining asosiy vazifasi nima?", "uz": "tayanch" },
  { "en": "Qaysi organlar miya va orqa miyani himoya qiladi?", "uz": "suyaklar" },
  { "en": "Mushaklar asosan nimadan tashkil topgan?", "uz": "mushak tolasi" },
  { "en": "Bo‘g‘im nima vazifa bajaradi?", "uz": "harakat" },
  { "en": "Suyak bilan mushakni bog‘lovchi tuzilma nima?", "uz": "pay" },
  { "en": "Odam tanasining eng katta organi qaysi?", "uz": "teri" },
  { "en": "Issiqlikni saqlab turishda terining yordamchisi nima?", "uz": "yog' qavati" },
  { "en": "Terida joylashgan sezgi hujayralari nima qiladi?", "uz": "sezish" },
  { "en": "Ko‘z orqali qabul qilingan axborot qayerga yuboriladi?", "uz": "bosh miya" },
  { "en": "Qaysi sezgi organi muvozanatni ham sezadi?", "uz": "quloq" },

  { "en": "Jinsiy hujayralar qayerda hosil bo‘ladi?", "uz": "jinsiy bez" },
  { "en": "Erkak jinsiy hujayrasi nima deb ataladi?", "uz": "spermatozoid" },
  { "en": "Ayol jinsiy hujayrasi nima deb ataladi?", "uz": "tuxum hujayra" },
  { "en": "Urug‘langan tuxum hujayrasi qanday ataladi?", "uz": "zigota" },
  { "en": "Zigotadan keyingi dastlabki rivojlanish davri nima?", "uz": "embrion" },
  { "en": "Ona va homila orasidagi bog‘lovchi tuzilma nima?", "uz": "yo'ldosh" },
  { "en": "Onalikda bolani oziqlantiradigan suyuqlik nima?", "uz": "ona suti" },
  { "en": "O‘smirlik davrida kuchli o‘zgarishlar sababi nima?", "uz": "gormonlar" },
  { "en": "Nasl qoldirish jarayonini umumiy nomi nima?", "uz": "ko'payish" },
  { "en": "Avloddan-avlodga o‘tadigan kasalliklar qanday ataladi?", "uz": "irsiy" },

  { "en": "Hujayra nafas olishi deganda nima tushuniladi?", "uz": "energiya olish" },
  { "en": "Aerob nafas olish uchun nima zarur?", "uz": "kislorod" },
  { "en": "Anaerob nafas olishda chiqadigan mahsulotlardan biri?", "uz": "sut kislotasi" },
  { "en": "Energiya birligi sifatida qaysi molekula olinadi?", "uz": "atf" },
  { "en": "Asab impulsini tez o‘tkazishga yordam beradigan qavat nima?", "uz": "miyelin" },
  { "en": "Gormonlar qaysi moddalarga mansub?", "uz": "biokimyoviy" },
  { "en": "Ko‘proq kislorod kerak bo‘lganda yurak urishi qanday bo‘ladi?", "uz": "tezlashadi" },
  { "en": "Qonda kislorod kamayganda nafas olish qanday o‘zgaradi?", "uz": "tezlashadi" },
  { "en": "Ko‘p shakar iste’moli qaysi kasallik xavfini oshiradi?", "uz": "diabet" },
  { "en": "Ko‘p yog‘li ovqatlanish qaysi tizimga zararli?", "uz": "yurak tomir" },

  { "en": "Ekologiya qanday fan?", "uz": "muhit fani" },
  { "en": "Atmosferadagi asosiy kislorod manbai nima?", "uz": "o'simlik" },
  { "en": "Ekin maydonini navbat bilan almashtirish nima uchun kerak?", "uz": "hosil barqaror" },
  { "en": "Chiqindilarni ajratib yig‘ish nima deb ataladi?", "uz": "saralash" },
  { "en": "Tabiatni asrashga qaratilgan ishlar umumiy nomi nima?", "uz": "muhofaza" },
  { "en": "Qizil kitobga kiritilgan turlar qanday?", "uz": "yo'qolib borayotgan" },
  { "en": "Zaharli gazlar ko‘payishi qanday hodisa?", "uz": "ifloslanish" },
  { "en": "Atrof-muhitga mos lashmagan tur bilan nima bo‘ladi?", "uz": "yo'qoladi" },
  { "en": "Yashil o‘simliklar ko‘payishi havoga nimalarni ko‘paytiradi?", "uz": "kislorod" },
  { "en": "Qurigan daraxtlar ko‘payishi nimani kamaytiradi?", "uz": "kislorod" }
]
