[
  { "en": "Hisoblang: 5% 80 sonidan", "uz": "4" },
  { "en": "Hisoblang: 10% 80 sonidan", "uz": "8" },
  { "en": "Hisoblang: 15% 80 sonidan", "uz": "12" },
  { "en": "Hisoblang: 20% 80 sonidan", "uz": "16" },
  { "en": "Hisoblang: 25% 80 sonidan", "uz": "20" },
  { "en": "Hisoblang: 5% 84 sonidan", "uz": "4.2" },
  { "en": "Hisoblang: 10% 84 sonidan", "uz": "8.4" },
  { "en": "Hisoblang: 15% 84 sonidan", "uz": "12.6" },
  { "en": "Hisoblang: 20% 84 sonidan", "uz": "16.8" },
  { "en": "Hisoblang: 25% 84 sonidan", "uz": "21" },
  { "en": "Hisoblang: 5% 88 sonidan", "uz": "4.4" },
  { "en": "Hisoblang: 10% 88 sonidan", "uz": "8.8" },
  { "en": "Hisoblang: 15% 88 sonidan", "uz": "13.2" },
  { "en": "Hisoblang: 20% 88 sonidan", "uz": "17.6" },
  { "en": "Hisoblang: 25% 88 sonidan", "uz": "22" },
  { "en": "Hisoblang: 5% 92 sonidan", "uz": "4.6" },
  { "en": "Hisoblang: 10% 92 sonidan", "uz": "9.2" },
  { "en": "Hisoblang: 15% 92 sonidan", "uz": "13.8" },
  { "en": "Hisoblang: 20% 92 sonidan", "uz": "18.4" },
  { "en": "Hisoblang: 25% 92 sonidan", "uz": "23" },
  { "en": "Hisoblang: 5% 96 sonidan", "uz": "4.8" },
  { "en": "Hisoblang: 10% 96 sonidan", "uz": "9.6" },
  { "en": "Hisoblang: 15% 96 sonidan", "uz": "14.4" },
  { "en": "Hisoblang: 20% 96 sonidan", "uz": "19.2" },
  { "en": "Hisoblang: 25% 96 sonidan", "uz": "24" },
  { "en": "Hisoblang: 5% 100 sonidan", "uz": "5" },
  { "en": "Hisoblang: 10% 100 sonidan", "uz": "10" },
  { "en": "Hisoblang: 15% 100 sonidan", "uz": "15" },
  { "en": "Hisoblang: 20% 100 sonidan", "uz": "20" },
  { "en": "Hisoblang: 25% 100 sonidan", "uz": "25" },
  { "en": "Hisoblang: 5% 104 sonidan", "uz": "5.2" },
  { "en": "Hisoblang: 10% 104 sonidan", "uz": "10.4" },
  { "en": "Hisoblang: 15% 104 sonidan", "uz": "15.6" },
  { "en": "Hisoblang: 20% 104 sonidan", "uz": "20.8" },
  { "en": "Hisoblang: 25% 104 sonidan", "uz": "26" },
  { "en": "Hisoblang: 5% 108 sonidan", "uz": "5.4" },
  { "en": "Hisoblang: 10% 108 sonidan", "uz": "10.8" },
  { "en": "Hisoblang: 15% 108 sonidan", "uz": "16.2" },
  { "en": "Hisoblang: 20% 108 sonidan", "uz": "21.6" },
  { "en": "Hisoblang: 25% 108 sonidan", "uz": "27" },
  { "en": "Hisoblang: 5% 112 sonidan", "uz": "5.6" },
  { "en": "Hisoblang: 10% 112 sonidan", "uz": "11.2" },
  { "en": "Hisoblang: 15% 112 sonidan", "uz": "16.8" },
  { "en": "Hisoblang: 20% 112 sonidan", "uz": "22.4" },
  { "en": "Hisoblang: 25% 112 sonidan", "uz": "28" },
  { "en": "Hisoblang: 5% 116 sonidan", "uz": "5.8" },
  { "en": "Hisoblang: 10% 116 sonidan", "uz": "11.6" },
  { "en": "Hisoblang: 15% 116 sonidan", "uz": "17.4" },
  { "en": "Hisoblang: 20% 116 sonidan", "uz": "23.2" },
  { "en": "Hisoblang: 25% 116 sonidan", "uz": "29" },
  { "en": "Hisoblang: 5% 120 sonidan", "uz": "6" },
  { "en": "Hisoblang: 10% 120 sonidan", "uz": "12" },
  { "en": "Hisoblang: 15% 120 sonidan", "uz": "18" },
  { "en": "Hisoblang: 20% 120 sonidan", "uz": "24" },
  { "en": "Hisoblang: 25% 120 sonidan", "uz": "30" },
  { "en": "Hisoblang: 5% 124 sonidan", "uz": "6.2" },
  { "en": "Hisoblang: 10% 124 sonidan", "uz": "12.4" },
  { "en": "Hisoblang: 15% 124 sonidan", "uz": "18.6" },
  { "en": "Hisoblang: 20% 124 sonidan", "uz": "24.8" },
  { "en": "Hisoblang: 25% 124 sonidan", "uz": "31" },

  { "en": "Kvadratini toping: 11²", "uz": "121" },
  { "en": "Kvadratini toping: 12²", "uz": "144" },
  { "en": "Kvadratini toping: 13²", "uz": "169" },
  { "en": "Kvadratini toping: 14²", "uz": "196" },
  { "en": "Kvadratini toping: 15²", "uz": "225" },
  { "en": "Kvadratini toping: 16²", "uz": "256" },
  { "en": "Kvadratini toping: 17²", "uz": "289" },
  { "en": "Kvadratini toping: 18²", "uz": "324" },
  { "en": "Kvadratini toping: 19²", "uz": "361" },
  { "en": "Kvadratini toping: 20²", "uz": "400" },
  { "en": "Kvadratini toping: 21²", "uz": "441" },
  { "en": "Kvadratini toping: 22²", "uz": "484" },
  { "en": "Kvadratini toping: 23²", "uz": "529" },
  { "en": "Kvadratini toping: 24²", "uz": "576" },
  { "en": "Kvadratini toping: 25²", "uz": "625" },
  { "en": "Kvadratini toping: 26²", "uz": "676" },
  { "en": "Kvadratini toping: 27²", "uz": "729" },
  { "en": "Kvadratini toping: 28²", "uz": "784" },
  { "en": "Kvadratini toping: 29²", "uz": "841" },
  { "en": "Kvadratini toping: 30²", "uz": "900" },

  { "en": "Kubini toping: 3³", "uz": "27" },
  { "en": "Kubini toping: 4³", "uz": "64" },
  { "en": "Kubini toping: 5³", "uz": "125" },
  { "en": "Kubini toping: 6³", "uz": "216" },
  { "en": "Kubini toping: 7³", "uz": "343" },
  { "en": "Kubini toping: 8³", "uz": "512" },
  { "en": "Kubini toping: 9³", "uz": "729" },
  { "en": "Kubini toping: 10³", "uz": "1000" },
  { "en": "Kubini toping: 11³", "uz": "1331" },
  { "en": "Kubini toping: 12³", "uz": "1728" },

  { "en": "x ni toping: 3x + 7 = 28", "uz": "7" },
  { "en": "x ni toping: 5x + 8 = 48", "uz": "8" },
  { "en": "x ni toping: 4x + 3 = 31", "uz": "7" },
  { "en": "x ni toping: 6x + 5 = 41", "uz": "6" },
  { "en": "x ni toping: 2x + 9 = 29", "uz": "10" },
  { "en": "x ni toping: 7x + 4 = 53", "uz": "7" },
  { "en": "x ni toping: 5x + 6 = 31", "uz": "5" },
  { "en": "x ni toping: 4x + 11 = 39", "uz": "7" },
  { "en": "x ni toping: 6x + 2 = 38", "uz": "6" },
  { "en": "x ni toping: 2x + 5 = 19", "uz": "7" },

  { "en": "To'g'ri to'rtburchak tomonlari 5 va 7. Perimetrini toping.", "uz": "24" },
  { "en": "To'g'ri to'rtburchak tomonlari 6 va 9. Perimetrini toping.", "uz": "30" },
  { "en": "To'g'ri to'rtburchak tomonlari 8 va 11. Perimetrini toping.", "uz": "38" },
  { "en": "Uchburchak burchaklari 50° va 60°. Uchinchi burchakni toping.", "uz": "70" },
  { "en": "Uchburchak burchaklari 40° va 70°. Uchinchi burchakni toping.", "uz": "70" },
  { "en": "3 tomonli ko'pburchak ichki burchaklari yig'indisini toping.", "uz": "180" },
  { "en": "4 tomonli ko'pburchak ichki burchaklari yig'indisini toping.", "uz": "360" },
  { "en": "6 tomonli ko'pburchak ichki burchaklari yig'indisini toping.", "uz": "720" },

  { "en": "Ichki burchaklari yig'indisi 180° bo'lgan shakl qanday?", "uz": "uchburchak" },
  { "en": "Ichki burchaklari yig'indisi 360° bo'lgan eng sodda shakl qanday?", "uz": "to'rtburchak" },
  { "en": "Kvadratda nechta teng tomon bor?", "uz": "4" },
  { "en": "To'g'ri burchak nechchi gradusga teng?", "uz": "90" },
  { "en": "O'tkir burchak nechchi gradus oralig'ida bo'ladi?", "uz": "0–90" },
  { "en": "O'tmas burchak nechchi gradus oralig'ida bo'ladi?", "uz": "90–180" },
  { "en": "Doira markazidan o'tuvchi eng uzun kesma nima?", "uz": "diametr" },
  { "en": "Diametrning yarmi nima deb ataladi?", "uz": "radius" },
  { "en": "Uchta tomoni teng uchburchak qanday ataladi?", "uz": "teng tomonli" },
  { "en": "Ikki tomoni teng uchburchak qanday ataladi?", "uz": "teng yonli" },
  { "en": "Parallelogramning qarama-qarshi tomonlari qanday bo'ladi?", "uz": "parallel va teng" },
  { "en": "To'g'ri to'rtburchakning barcha burchaklari nechiga teng?", "uz": "90" },
  { "en": "Uchburchak perimetri qanday topiladi?", "uz": "tomonlar yig'indisi" },

  { "en": "Mashina 60 km masofani 2 soatda bosib o'tdi. Uning tezligini toping (km/soat).", "uz": "30" },
  { "en": "Piyoda 12 km yo'lni 3 soatda yurdi. Tezligini toping (km/soat).", "uz": "4" },
  { "en": "O'quvchi 45 betni 3 kunda o'qidi. U bir kunda o'rtacha nechta bet o'qidi?", "uz": "15" },
  { "en": "Do'konda 5 kg olma 40 000 so'm turadi. 1 kg olma narxini toping.", "uz": "8000" },
  { "en": "3 kg shakar 27 000 so'm. 1 kg shakar narxi nech pul?", "uz": "9000" },
  { "en": "Kvadratning tomoni 6 sm. Uning perimetri nechiga teng?", "uz": "24" },
  { "en": "Kvadrat tomoni 9 sm. Yuzi nechiga teng? (sm²)", "uz": "81" },
  { "en": "To'g'ri to'rtburchak tomonlari 5 va 9 sm. Yuzi nechiga teng? (sm²)", "uz": "45" },
  { "en": "Avtobusda 32 kishi bor edi, 9 tasi tushib qoldi. Avtobusda nechta kishi qoldi?", "uz": "23" },
  { "en": "Raqamlar yig'indisi 9 ga teng bo'lgan eng kichik ikki xonali sonni toping.", "uz": "18" },
  { "en": "Bir sonning 30% 24 ga teng. O'sha sonni toping.", "uz": "80" },
  { "en": "Bir sonning 25% 18 ga teng. O'sha sonni toping.", "uz": "72" },
  { "en": "Sinfxonada 20 o'quvchining 40% qizlar. Nechta qiz bor?", "uz": "8" },
  { "en": "O'quvchi testdan 40 ta savoldan 32 tasiga to'g'ri javob berdi. Natijani foizda ifodalang.", "uz": "80" },
  { "en": "12 va 18 sonlarining eng katta umumiy bo'luvchisini toping.", "uz": "6" },
  { "en": "8 va 14 sonlarining eng kichik umumiy karralisini toping.", "uz": "56" },
  { "en": "Soat 3:00 dan 4:30 gacha nechta daqiqa o'tadi?", "uz": "90" },
  { "en": "Bir kunda 24 soat. 3,5 kunda nech soat bo'ladi?", "uz": "84" }
]
