[
  {
    "question": "Страдательное причастие прошедшего времени:",
    "options": ["прочитанный", "читающий", "читать", "прочитав"],
    "correct_index": 0
  },
  {
    "question": "Действительное причастие наст. времени:",
    "options": ["написавший", "пишущий", "написанный", "напишут"],
    "correct_index": 1
  },
  {
    "question": "Деепричастие от «прочитать»:",
    "options": ["прочитавший", "прочитанный", "прочтя", "прочитывая"],
    "correct_index": 2
  },
  {
    "question": "Деепричастие от «слушать»:",
    "options": ["слушавший", "слушанный", "послушав", "слушая"],
    "correct_index": 3
  },
  {
    "question": "Правильное причастие:",
    "options": ["увиденный", "видящий", "виденный", "увидев"],
    "correct_index": 0
  },
  {
    "question": "Укажите деепричастие:",
    "options": ["делающий", "делая", "сделанный", "делаемый"],
    "correct_index": 1
  },
  {
    "question": "Что лишнее (не причастие)?",
    "options": ["пишущий", "написавший", "пишет", "написанный"],
    "correct_index": 2
  },
  {
    "question": "Что лишнее (не деепричастие)?",
    "options": ["читая", "записав", "читающий", "прочитав"],
    "correct_index": 3
  },
  {
    "question": "Правильно: задача ___ вчера.",
    "options": ["решённая", "решающий", "решенающий", "решив"],
    "correct_index": 0
  },
  {
    "question": "Причастие от «перевести»:",
    "options": ["переводящий", "переведя", "переведённый", "переводен"],
    "correct_index": 2
  },
  {
    "question": "СПП c придаточным причины:",
    "options": ["потому что", "когда", "если", "чтобы"],
    "correct_index": 0
  },
  {
    "question": "СПП c придаточным цели:",
    "options": ["как", "чтобы", "потому что", "хотя"],
    "correct_index": 1
  },
  {
    "question": "СПП c придаточным условия:",
    "options": ["когда", "потому что", "если", "будто"],
    "correct_index": 2
  },
  {
    "question": "СПП c придаточным времени:",
    "options": ["если", "чтобы", "потому что", "когда"],
    "correct_index": 3
  },
  {
    "question": "СПП c придаточным следствия:",
    "options": ["так что", "хотя", "если", "чтобы"],
    "correct_index": 0
  },
  {
    "question": "Книжный союз противопоставления:",
    "options": ["и", "однако", "но", "а"],
    "correct_index": 1
  },
  {
    "question": "Книжный союз уступки:",
    "options": ["если", "что", "хотя", "как"],
    "correct_index": 2
  },
  {
    "question": "Формула: «несмотря на то ___»",
    "options": ["где", "когда", "что", "как"],
    "correct_index": 2
  },
  {
    "question": "Союз следствия книжный:",
    "options": ["если", "однако", "вследствие", "хотя"],
    "correct_index": 2
  },
  {
    "question": "«тем не менее» близко к:",
    "options": ["чтобы", "если", "однако", "потому что"],
    "correct_index": 2
  },
  {
    "question": "Пассив: «дом ___ в 1990 году».",
    "options": ["построен", "строит", "строится", "строили"],
    "correct_index": 0
  },
  {
    "question": "Пассивная форма:",
    "options": ["создаёт", "был создан", "создан", "создавая"],
    "correct_index": 1
  },
  {
    "question": "Краткое страдат. причастие:",
    "options": ["написанный", "написавший", "написан", "написав"],
    "correct_index": 2
  },
  {
    "question": "Инфинитив: «мне нужно ___».",
    "options": ["делаю", "делал", "делается", "сделать"],
    "correct_index": 3
  },
  {
    "question": "«Мне пришлось ___ рано».",
    "options": ["уйти", "ухожу", "уходил", "уходя"],
    "correct_index": 0
  },
  {
    "question": "Книжный глагол вместо «сказать»:",
    "options": ["ляпнуть", "заявить", "вякнуть", "болтануть"],
    "correct_index": 1
  },
  {
    "question": "Нейтральное вместо «офигенный»:",
    "options": ["стрёмный", "отличный", "дикий", "жёсткий"],
    "correct_index": 1
  },
  {
    "question": "Официальное вместо «круто»:",
    "options": ["клёво", "прикольно", "целесообразно", "классно"],
    "correct_index": 2
  },
  {
    "question": "Слово для научного стиля:",
    "options": ["шикарный", "огненный", "клёвый", "существенный"],
    "correct_index": 3
  },
  {
    "question": "Фраза для публицистики:",
    "options": ["жесть", "типа", "вообще", "безусловно"],
    "correct_index": 3
  },
  {
    "question": "Инфинитив после «надо»:",
    "options": ["сделать", "делаю", "делал", "сделан"],
    "correct_index": 0
  },
  {
    "question": "Инфинитив: «он решил ___ позже».",
    "options": ["звонит", "звонил", "позвонить", "звоня"],
    "correct_index": 2
  },
  {
    "question": "Союз причины в научном стиле:",
    "options": ["если", "как будто", "чтоб", "поскольку"],
    "correct_index": 3
  },
  {
    "question": "«Будто» выражает:",
    "options": ["время", "причину", "цель", "сравнение"],
    "correct_index": 3
  },
  {
    "question": "«как будто» близко к:",
    "options": ["словно", "потому что", "чтобы", "однако"],
    "correct_index": 0
  },
  {
    "question": "Союз причины разговорный:",
    "options": ["однако", "чтобы", "потому что", "хотя"],
    "correct_index": 2
  },
  {
    "question": "Фразеологизм: «работать…».",
    "options": ["в два счёта", "в полный рост", "за уши", "не покладая рук"],
    "correct_index": 3
  },
  {
    "question": "Фразеологизм: «попасть…».",
    "options": ["в ноль", "в курсе", "в кайф", "впросак"],
    "correct_index": 3
  },
  {
    "question": "Фразеологизм: «держать…».",
    "options": ["руки в ноги", "нос к носу", "глаза в рот", "язык за зубами"],
    "correct_index": 3
  },
  {
    "question": "Фразеологизм: «дело…».",
    "options": ["горит", "выгорает", "в шляпе", "в шоке"],
    "correct_index": 2
  },
  {
    "question": "Нормативное: «играть…».",
    "options": ["большую роль", "сильную роль", "крепкую роль", "толстую роль"],
    "correct_index": 0
  },
  {
    "question": "Причастный оборот — это признак…",
    "options": ["количества", "обстоятельства", "признак", "предмета"],
    "correct_index": 2
  },
  {
    "question": "Деепричастие обозначает:",
    "options": ["предмет", "признак", "количество", "доп. действие"],
    "correct_index": 3
  },
  {
    "question": "Краткое причастие чаще — это:",
    "options": ["подлежащее", "сказуемое", "дополнение", "обстоятельство"],
    "correct_index": 1
  },
  {
    "question": "«Построенный дом» — это:",
    "options": ["существительное", "деепричастие", "действ. прич.", "страд. прич."],
    "correct_index": 3
  },
  {
    "question": "«Читая книгу» — это:",
    "options": ["наречие", "причастие", "существительное", "деепричастие"],
    "correct_index": 3
  },
  {
    "question": "Книжная связка:",
    "options": ["типа", "ага", "ладно", "однако"],
    "correct_index": 3
  },
  {
    "question": "Вводное слово:",
    "options": ["всегда", "сильно", "наверное", "очень"],
    "correct_index": 2
  },
  {
    "question": "Вводное: ",
    "options": ["по-моему", "по-русски", "по-другому", "по-тихому"],
    "correct_index": 0
  },
  {
    "question": "«тем не менее» ≈",
    "options": ["поэтому", "так как", "чтобы", "всё же"],
    "correct_index": 3
  },
  {
    "question": "Офиц. слово вместо «плохой»:",
    "options": ["негативный", "ужасный", "паршивый", "отстойный"],
    "correct_index": 0
  },
  {
    "question": "Инфинитивная связка: «ему пора…»",
    "options": ["уходит", "уходил", "уходя", "уйти"],
    "correct_index": 3
  },
  {
    "question": "Научный контекст: «она кажется…»",
    "options": ["клёвой", "странной", "огненной", "весёлой"],
    "correct_index": 1
  },
  {
    "question": "Подходящее к «вследствие…»:",
    "options": ["аварии", "того", "которого", "когда"],
    "correct_index": 0
  },
  {
    "question": "«Несмотря на…» требует:",
    "options": ["родительный", "дательный", "творительный", "местный"],
    "correct_index": 0
  },
  {
    "question": "«Благодаря…» чаще с падежом:",
    "options": ["родительным", "винительным", "дательным", "творительным"],
    "correct_index": 2
  },
  {
    "question": "Нейтральное: «он был…»",
    "options": ["в шоке", "ошарашен", "в ауте", "в ступоре"],
    "correct_index": 1
  },
  {
    "question": "Пассив: «результат был…».",
    "options": ["получил", "получает", "получен", "получаясь"],
    "correct_index": 2
  },
  {
    "question": "Управление: «влиять…»",
    "options": ["за что", "о что", "от чего", "на что"],
    "correct_index": 3
  },
  {
    "question": "Управление: «зависеть…»",
    "options": ["о чём", "к чему", "на что", "от чего"],
    "correct_index": 3
  },
  {
    "question": "Управление: «стремиться…»",
    "options": ["в цель", "о цели", "на цель", "к цели"],
    "correct_index": 3
  },
  {
    "question": "Книжный синоним к «поэтому»:",
    "options": ["типа того", "значит так", "короче", "следовательно"],
    "correct_index": 3
  },
  {
    "question": "Книжный синоним к «может быть»:",
    "options": ["походу", "наверно", "возможно", "кажется"],
    "correct_index": 2
  },
  {
    "question": "Разговорный синоним к «однако»:",
    "options": ["и", "если", "чтоб", "но"],
    "correct_index": 3
  },
  {
    "question": "Книжная связка:",
    "options": ["короче", "таким образом", "типа того", "ладно"],
    "correct_index": 1
  },
  {
    "question": "Фраза для эссе:",
    "options": ["по-любому", "по-ходу", "по-прикольному", "на мой взгляд"],
    "correct_index": 3
  },
  {
    "question": "Фраза для аргумента:",
    "options": ["во-первых", "короче", "сначала", "ладно"],
    "correct_index": 0
  },
  {
    "question": "«в связи с…» — стиль:",
    "options": ["разговорный", "жаргон", "официальный", "просторечный"],
    "correct_index": 2
  },
  {
    "question": "«типа» — это:",
    "options": ["книжное", "официальное", "разговорное", "научное"],
    "correct_index": 2
  },
  {
    "question": "«ввиду» — чаще:",
    "options": ["разг.", "жаргон", "офиц./научн.", "сленг"],
    "correct_index": 2
  },
  {
    "question": "«как бы» лишнее в:",
    "options": ["разговоре", "шутке", "диалоге", "научном стиле"],
    "correct_index": 3
  },
  {
    "question": "Инверсия допустима в:",
    "options": ["деловой", "отчёт", "художественный", "официальный"],
    "correct_index": 2
  },
  {
    "question": "Парцелляция чаще в:",
    "options": ["деловом", "научном", "официальном", "публицистике"],
    "correct_index": 3
  },
  {
    "question": "«по причине…» — это:",
    "options": ["простое", "жаргон", "разговорное", "книжное"],
    "correct_index": 3
  },
  {
    "question": "«из-за…» по стилю:",
    "options": ["жаргон", "книжное", "нейтральное", "грубое"],
    "correct_index": 2
  },
  {
    "question": "«ибо» чаще в стиле:",
    "options": ["разговорном", "деловом", "жаргоне", "книжном"],
    "correct_index": 3
  },
  {
    "question": "Фраза для вывода:",
    "options": ["типа всё", "ладно, всё", "ну короче", "подводя итог"],
    "correct_index": 3
  },
  {
    "question": "«в конечном счёте» — это:",
    "options": ["причина", "сравнение", "условие", "вывод"],
    "correct_index": 3
  },
  {
    "question": "«как следствие» — это:",
    "options": ["частица", "предлог", "связка", "наречие"],
    "correct_index": 2
  },
  {
    "question": "«тем самым» выражает:",
    "options": ["условие", "сравнение", "причину", "следствие"],
    "correct_index": 3
  },
  {
    "question": "«будто» — это:",
    "options": ["частица", "наречие", "предлог", "союз"],
    "correct_index": 3
  },
  {
    "question": "«словно» чаще всего:",
    "options": ["местоимение", "существительное", "частица", "союз"],
    "correct_index": 3
  },
  {
    "question": "«при том что» — это:",
    "options": ["предлог", "частица", "наречие", "союз"],
    "correct_index": 3
  },
  {
    "question": "«несмотря на то что» вводит:",
    "options": ["цель", "следствие", "уступку", "причину"],
    "correct_index": 2
  },
  {
    "question": "«так как» близко к:",
    "options": ["если", "чтобы", "хотя", "потому что"],
    "correct_index": 3
  },
  {
    "question": "«чтобы» чаще всего:",
    "options": ["причина", "время", "сравнение", "цель"],
    "correct_index": 3
  },
  {
    "question": "«как только» — союз:",
    "options": ["причины", "условия", "сравнения", "времени"],
    "correct_index": 3
  },
  {
    "question": "«либо» — это союз:",
    "options": ["время", "условие", "цель", "выбор"],
    "correct_index": 3
  },
  {
    "question": "«зато» — союз:",
    "options": ["времени", "условия", "цели", "противит."],
    "correct_index": 3
  },
  {
    "question": "«вроде как» — по стилю:",
    "options": ["книжный", "научный", "деловой", "разговорный"],
    "correct_index": 3
  },
  {
    "question": "«весьма» — это:",
    "options": ["простореч.", "жаргон", "грубое", "книжное"],
    "correct_index": 3
  },
  {
    "question": "«чересчур» — это:",
    "options": ["сравнение", "условие", "причина", "усиление"],
    "correct_index": 3
  },
  {
    "question": "«отнюдь» выражает:",
    "options": ["причину", "условие", "цель", "отрицание"],
    "correct_index": 3
  },
  {
    "question": "«якобы» несёт оттенок:",
    "options": ["утверждения", "времени", "цели", "сомнения"],
    "correct_index": 3
  },
  {
    "question": "«по сути» — это:",
    "options": ["союз", "наречие", "предлог", "вводное"],
    "correct_index": 3
  },
  {
    "question": "«по крайней мере» — это:",
    "options": ["местоимение", "частица", "союз", "вводное"],
    "correct_index": 3
  },
  {
    "question": "«напротив» может быть:",
    "options": ["глаголом", "существительным", "числом", "союзом"],
    "correct_index": 3
  },
  {
    "question": "«однако» в начале — чаще:",
    "options": ["глагол", "частица", "наречие", "союз"],
    "correct_index": 3
  },
  {
    "question": "«к тому же» — по функции:",
    "options": ["причина", "цель", "условие", "дополнение"],
    "correct_index": 3
  },
  {
    "question": "«между тем» ближе к:",
    "options": ["поэтому", "чтобы", "если", "однако"],
    "correct_index": 3
  }
]
