[
  { "en": "كتاب", "uz": "kitob" },
  { "en": "قلم", "uz": "ruchka" },
  { "en": "دفتر", "uz": "daftar" },
  { "en": "مدرسة", "uz": "maktab" },
  { "en": "جامعة", "uz": "universitet" },
  { "en": "طالب", "uz": "talaba" },
  { "en": "أستاذ", "uz": "o'qituvchi" },
  { "en": "فصل", "uz": "sinf" },
  { "en": "درس", "uz": "dars" },
  { "en": "لغة", "uz": "til" },

  { "en": "كلمة", "uz": "so'z" },
  { "en": "جملة", "uz": "gap" },
  { "en": "نص", "uz": "matn" },
  { "en": "موضوع", "uz": "mavzu" },
  { "en": "امتحان", "uz": "imtihon" },
  { "en": "نتيجة", "uz": "natija" },
  { "en": "واجب", "uz": "uy vazifa" },
  { "en": "مكتبة", "uz": "kutubxona" },
  { "en": "بحث", "uz": "tadqiqot" },
  { "en": "محاضرة", "uz": "ma'ruza" },

  { "en": "بيت", "uz": "uy" },
  { "en": "شقة", "uz": "kvartira" },
  { "en": "غرفة", "uz": "xona" },
  { "en": "باب", "uz": "eshik" },
  { "en": "نافذة", "uz": "deraza" },
  { "en": "مطبخ", "uz": "oshxona" },
  { "en": "حمام", "uz": "hammom" },
  { "en": "سرير", "uz": "karovat" },
  { "en": "كرسي", "uz": "stul" },
  { "en": "طاولة", "uz": "stol" },

  { "en": "شارع", "uz": "ko'cha" },
  { "en": "مدينة", "uz": "shahar" },
  { "en": "قرية", "uz": "qishloq" },
  { "en": "سوق", "uz": "bozor" },
  { "en": "متجر", "uz": "do'kon" },
  { "en": "مستشفى", "uz": "shifoxona" },
  { "en": "صيدلية", "uz": "dorixona" },
  { "en": "حديقة", "uz": "bog'" },
  { "en": "بنك", "uz": "bank" },
  { "en": "مكتب", "uz": "ofis" },

  { "en": "وقت", "uz": "vaqt" },
  { "en": "ساعة", "uz": "soat" },
  { "en": "يوم", "uz": "kun" },
  { "en": "أسبوع", "uz": "hafta" },
  { "en": "شهر", "uz": "oy" },
  { "en": "سنة", "uz": "yil" },
  { "en": "موعد", "uz": "uchrashuv vaqti" },
  { "en": "رحلة", "uz": "sayohat" },
  { "en": "سفر", "uz": "safar" },
  { "en": "مطار", "uz": "aeroport" },

  { "en": "تذكرة", "uz": "chipta" },
  { "en": "حقيبة", "uz": "sumka / chemodan" },
  { "en": "فندق", "uz": "mehmonxona" },
  { "en": "استقبال", "uz": "resepsion" },
  { "en": "حجز", "uz": "band qilish" },
  { "en": "جواز سفر", "uz": "pasport" },
  { "en": "حدود", "uz": "chegara" },
  { "en": "خريطة", "uz": "xarita" },
  { "en": "سائح", "uz": "sayyoh" },
  { "en": "مرشد سياحي", "uz": "gid" },

  { "en": "شخص", "uz": "odam" },
  { "en": "صديق", "uz": "do'st" },
  { "en": "زميل", "uz": "hamkasb" },
  { "en": "عائلة", "uz": "oila" },
  { "en": "أب", "uz": "ota" },
  { "en": "أم", "uz": "ona" },
  { "en": "أخ", "uz": "aka / uka" },
  { "en": "أخت", "uz": "opa / singil" },
  { "en": "طفل", "uz": "bola" },
  { "en": "جار", "uz": "qo'shni" },

  { "en": "شعور", "uz": "his-tuyg'u" },
  { "en": "سعادة", "uz": "baxt" },
  { "en": "حزن", "uz": "qayg'u" },
  { "en": "خوف", "uz": "qo'rquv" },
  { "en": "غضب", "uz": "g'azab" },
  { "en": "مفاجأة", "uz": "hayrat" },
  { "en": "ثقة", "uz": "ishonch" },
  { "en": "صبر", "uz": "sabr" },
  { "en": "احترام", "uz": "hurmat" },
  { "en": "مسؤولية", "uz": "mas'uliyat" },

  { "en": "عمل", "uz": "ish" },
  { "en": "وظيفة", "uz": "lavozim" },
  { "en": "موظف", "uz": "xodim" },
  { "en": "مدير", "uz": "rahbar" },
  { "en": "اجتماع", "uz": "yig'ilish" },
  { "en": "مشروع", "uz": "loyiha" },
  { "en": "مهمة", "uz": "vazifa" },
  { "en": "راتب", "uz": "maosh" },
  { "en": "خبرة", "uz": "tajriba" },
  { "en": "مهارة", "uz": "ko'nikma" },

  { "en": "تدريب", "uz": "trening" },
  { "en": "فرصة", "uz": "imkoniyat" },
  { "en": "نجاح", "uz": "muvaffaqiyat" },
  { "en": "فشل", "uz": "muvaffaqiyatsizlik" },
  { "en": "خطة", "uz": "reja" },
  { "en": "هدف", "uz": "maqsad" },
  { "en": "تطور", "uz": "rivojlanish" },
  { "en": "تقدم", "uz": "ilgarilash" },
  { "en": "تعاون", "uz": "hamkorlik" },
  { "en": "مسؤول", "uz": "mas'ul shaxs" },

  { "en": "صحة", "uz": "sog'liq" },
  { "en": "مرض", "uz": "kasallik" },
  { "en": "ألم", "uz": "og'riq" },
  { "en": "صداع", "uz": "bosh og'riq" },
  { "en": "حمى", "uz": "isitma" },
  { "en": "سعال", "uz": "yo'tal" },
  { "en": "برد", "uz": "shamollash" },
  { "en": "دواء", "uz": "dori" },
  { "en": "وصفة طبية", "uz": "retsept" },
  { "en": "عيادة", "uz": "klinika" },

  { "en": "طبيب", "uz": "shifokor" },
  { "en": "ممرضة", "uz": "hamshira" },
  { "en": "فحص", "uz": "tekshiruv" },
  { "en": "عملية", "uz": "operatsiya" },
  { "en": "إسعاف", "uz": "tez yordam" },
  { "en": "نظام غذائي", "uz": "parhez" },
  { "en": "رياضة", "uz": "sport" },
  { "en": "لياقة", "uz": "jismoniy holat" },
  { "en": "راحة", "uz": "dam olish" },
  { "en": "توتر", "uz": "stress" },

  { "en": "جو", "uz": "ob-havo" },
  { "en": "طقس", "uz": "havo" },
  { "en": "درجة حرارة", "uz": "harorat" },
  { "en": "مطر", "uz": "yomg'ir" },
  { "en": "ثلج", "uz": "qor" },
  { "en": "رياح", "uz": "shamol" },
  { "en": "غيوم", "uz": "bulutlar" },
  { "en": "صحراء", "uz": "cho'l" },
  { "en": "غابة", "uz": "o'rmon" },
  { "en": "جزيرة", "uz": "orol" },

  { "en": "بحر", "uz": "dengiz" },
  { "en": "نهر", "uz": "daryo" },
  { "en": "جبل", "uz": "tog'" },
  { "en": "بيئة", "uz": "atrof-muhit" },
  { "en": "طبيعة", "uz": "tabiat" },
  { "en": "طاقة", "uz": "energiya" },
  { "en": "كهرباء", "uz": "elektr" },
  { "en": "جهاز", "uz": "qurilma" },
  { "en": "حاسوب", "uz": "kompyuter" },
  { "en": "هاتف", "uz": "telefon" },

  { "en": "إنترنت", "uz": "internet" },
  { "en": "موقع", "uz": "sayt / manzil" },
  { "en": "بريد إلكتروني", "uz": "elektron pochta" },
  { "en": "برنامج", "uz": "dastur" },
  { "en": "تطبيق", "uz": "ilova" },
  { "en": "شبكة", "uz": "tarmoq" },
  { "en": "مجتمع", "uz": "jamiyat" },
  { "en": "اقتصاد", "uz": "iqtisodiyot" },
  { "en": "سياسة", "uz": "siyosat" },
  { "en": "قانون", "uz": "qonun" },

  { "en": "حق", "uz": "huquq" },
  { "en": "واجب", "uz": "majburiyat" },
  { "en": "حرية", "uz": "erkinlik" },
  { "en": "عدالة", "uz": "adolat" },
  { "en": "سلام", "uz": "tinchlik" },
  { "en": "حرب", "uz": "urush" },
  { "en": "مشكلة", "uz": "muammo" },
  { "en": "حل", "uz": "yechim" },
  { "en": "سبب", "uz": "sabab" },
  { "en": "نتيجة", "uz": "natija" },

  { "en": "مقارنة", "uz": "solishtirish" },
  { "en": "فرق", "uz": "farq" },
  { "en": "تشابه", "uz": "o'xshashlik" },
  { "en": "رأي", "uz": "fikr" },
  { "en": "موقف", "uz": "pozitsiya / qarash" },
  { "en": "نقاش", "uz": "munozara" },
  { "en": "تجربة", "uz": "tajriba" },
  { "en": "احتمال", "uz": "ehtimol" },
  { "en": "خطة بديلة", "uz": "zaxira reja" },
  { "en": "مشروع طويل", "uz": "uzoq muddatli loyiha" },

  { "en": "تنظيم", "uz": "tashkil etish" },
  { "en": "إدارة", "uz": "boshqaruv" },
  { "en": "قيادة", "uz": "yetakchilik" },
  { "en": "إحصاء", "uz": "statistika" },
  { "en": "نسبة", "uz": "foiz / nisbat" },
  { "en": "متوسط", "uz": "o'rtacha" },
  { "en": "هدف طويل", "uz": "uzoq maqsad" },
  { "en": "إنجاز", "uz": "yutuq" },
  { "en": "تطوع", "uz": "ko'ngilli ish" },
  { "en": "مسؤولية اجتماعية", "uz": "ijtimoiy mas'uliyat" },

  { "en": "ثقافة عامة", "uz": "umumiy madaniyat" },
  { "en": "هوية", "uz": "o'zlik / identitet" },
  { "en": "شخصية", "uz": "shaxsiyat" },
  { "en": "عادة", "uz": "odat" },
  { "en": "تقليد", "uz": "an'ana" },
  { "en": "مناسبة", "uz": "tadbir / bayram" },
  { "en": "عيد", "uz": "bayram" },
  { "en": "دعوة", "uz": "taklif (invitation)" },
  { "en": "ضيف", "uz": "mehmon" },
  { "en": "هدية", "uz": "sovg'a" },

  { "en": "مناسبة عائلية", "uz": "oilaviy tadbir" },
  { "en": "علاقة", "uz": "munosabat" },
  { "en": "ثقة بالنفس", "uz": "o'ziga ishonch" },
  { "en": "طموح", "uz": "orzu / intilish" },
  { "en": "هدف مهني", "uz": "kasbiy maqsad" },
  { "en": "مستقبل", "uz": "kelajak" },
  { "en": "ماضٍ", "uz": "o'tmish" },
  { "en": "حاضر", "uz": "hozirgi zamon" },
  { "en": "تحليل", "uz": "tahlil" },
  { "en": "تفسير", "uz": "izoh / talqin" },

  { "en": "ملخص", "uz": "qisqacha xulosa" },
  { "en": "مثال", "uz": "misol" },
  { "en": "شرط", "uz": "shart" },
  { "en": "احتمال ضعيف", "uz": "kichik ehtimol" },
  { "en": "تحدٍّ", "uz": "qiyinchilik / chaqiriq" },
  { "en": "فرصة جديدة", "uz": "yangi imkoniyat" }
]
