[
  { "en": "achievement", "uz": "yutuq" },
  { "en": "attitude", "uz": "munosabat" },
  { "en": "behavior", "uz": "xulq-atvor" },
  { "en": "challenge", "uz": "chaqiriq, qiyinchilik" },
  { "en": "circumstance", "uz": "holat, vaziyat" },
  { "en": "conclusion", "uz": "xulosa" },
  { "en": "consequence", "uz": "oqibat" },
  { "en": "consumption", "uz": "iste'mol" },
  { "en": "contribution", "uz": "hissa, ulush" },
  { "en": "criterion", "uz": "mezon" },

  { "en": "debate", "uz": "munozara" },
  { "en": "decision", "uz": "qaror" },
  { "en": "definition", "uz": "ta'rif" },
  { "en": "demand", "uz": "talab" },
  { "en": "development", "uz": "rivojlanish" },
  { "en": "distinction", "uz": "farq, ajralish" },
  { "en": "efficiency", "uz": "samaradorlik" },
  { "en": "environment", "uz": "atrof-muhit" },
  { "en": "evidence", "uz": "dalil, isbot" },
  { "en": "exception", "uz": "istisno" },

  { "en": "experiment", "uz": "tajriba" },
  { "en": "expression", "uz": "ifoda" },
  { "en": "factor", "uz": "omil" },
  { "en": "failure", "uz": "muvaffaqiyatsizlik" },
  { "en": "flexibility", "uz": "moslashuvchanlik" },
  { "en": "focus", "uz": "diqqat markazi" },
  { "en": "framework", "uz": "tuzilma, tizim" },
  { "en": "function", "uz": "funksiya, vazifa" },
  { "en": "hypothesis", "uz": "taxmin, gipoteza" },
  { "en": "impact", "uz": "ta'sir" },

  { "en": "implication", "uz": "yashirin ma'no, oqibat" },
  { "en": "improvement", "uz": "yaxshilanish" },
  { "en": "income", "uz": "daromad" },
  { "en": "independence", "uz": "mustaqillik" },
  { "en": "individual", "uz": "shaxs, individual" },
  { "en": "influence", "uz": "ta'sir" },
  { "en": "innovation", "uz": "yangilik, innovatsiya" },
  { "en": "insight", "uz": "chuqur tushuncha" },
  { "en": "interaction", "uz": "o'zaro ta'sir" },
  { "en": "interpretation", "uz": "talqin, izoh" },

  { "en": "investment", "uz": "investitsiya" },
  { "en": "issue", "uz": "masala, muammo" },
  { "en": "knowledge", "uz": "bilim" },
  { "en": "limitation", "uz": "cheklov" },
  { "en": "logic", "uz": "mantiq" },
  { "en": "meaning", "uz": "ma'no" },
  { "en": "motivation", "uz": "motivatsiya" },
  { "en": "negotiation", "uz": "muzokara" },
  { "en": "objective", "uz": "maqsad" },
  { "en": "obligation", "uz": "majburiyat" },

  { "en": "opinion", "uz": "fikr" },
  { "en": "opportunity", "uz": "imkoniyat" },
  { "en": "outcome", "uz": "natija" },
  { "en": "participant", "uz": "ishtirokchi" },
  { "en": "participation", "uz": "qatnashish" },
  { "en": "perception", "uz": "qabul qilish, idrok" },
  { "en": "performance", "uz": "samaradorlik, ijro" },
  { "en": "perspective", "uz": "qarash, nuqtai nazar" },
  { "en": "phenomenon", "uz": "hodisa" },
  { "en": "potential", "uz": "salohiyat" },

  { "en": "prediction", "uz": "bashorat" },
  { "en": "preference", "uz": "afzallik berish" },
  { "en": "priority", "uz": "ustuvorlik" },
  { "en": "procedure", "uz": "tartib, protsedura" },
  { "en": "process", "uz": "jarayon" },
  { "en": "proportion", "uz": "nisbat, ulush" },
  { "en": "proposal", "uz": "taklif (rasmiy)" },
  { "en": "prospect", "uz": "istiqbol" },
  { "en": "range", "uz": "doira, qamrov" },
  { "en": "recommendation", "uz": "tavsiya" },

  { "en": "requirement", "uz": "talab, shart" },
  { "en": "research", "uz": "tadqiqot" },
  { "en": "resource", "uz": "resurs" },
  { "en": "restriction", "uz": "cheklash" },
  { "en": "role", "uz": "rol, vazifa" },
  { "en": "significance", "uz": "ahamiyat" },
  { "en": "solution", "uz": "yechim" },
  { "en": "strategy", "uz": "strategiya" },
  { "en": "structure", "uz": "tuzilma" },
  { "en": "survey", "uz": "so'rovnoma" },

  { "en": "tendency", "uz": "moyillik, tendensiya" },
  { "en": "theory", "uz": "nazariya" },
  { "en": "trend", "uz": "yo'nalish, trend" },
  { "en": "variety", "uz": "turfa xil, xilma-xillik" },
  { "en": "version", "uz": "variant, versiya" },
  { "en": "ability", "uz": "qobiliyat" },
  { "en": "accuracy", "uz": "aniqlik" },
  { "en": "adaptation", "uz": "moslashish" },
  { "en": "advantage", "uz": "ustunlik" },
  { "en": "agreement", "uz": "kelishuv" },

  { "en": "analysis", "uz": "tahlil" },
  { "en": "approval", "uz": "ma'qullash" },
  { "en": "assessment", "uz": "baholash" },
  { "en": "assumption", "uz": "taxmin" },
  { "en": "authority", "uz": "vakolat, hokimiyat" },
  { "en": "capacity", "uz": "sig'im, salohiyat" },
  { "en": "category", "uz": "toifa, tur" },
  { "en": "component", "uz": "qism, komponent" },
  { "en": "complexity", "uz": "murakkablik" },
  { "en": "concept", "uz": "tushuncha, konsepsiya" },

  { "en": "conflict", "uz": "zidiyat, nizolar" },
  { "en": "consensus", "uz": "kelishilgan fikr" },
  { "en": "context", "uz": "kontekst, vaziyat" },
  { "en": "correspondence", "uz": "moslik, yozishmalar" },
  { "en": "debate", "uz": "bahs-munozara" },
  { "en": "decline", "uz": "pasayish, rad etish" },
  { "en": "distribution", "uz": "taqsimlash" },
  { "en": "diversity", "uz": "xilma-xillik" },
  { "en": "emphasis", "uz": "urg'u, ta'kid" },
  { "en": "ethics", "uz": "axloq qoidalari" },

  { "en": "evaluation", "uz": "baholash" },
  { "en": "exception", "uz": "istisno" },
  { "en": "expense", "uz": "xarajat" },
  { "en": "explanation", "uz": "izoh, tushuntirish" },
  { "en": "exposure", "uz": "ta'sir ostida qolish" },
  { "en": "factor", "uz": "omil" },
  { "en": "generation", "uz": "avlod" },
  { "en": "identity", "uz": "shaxsiyat, o'zlik" },
  { "en": "illustration", "uz": "misol, tasvir" },
  { "en": "immigration", "uz": "immigratsiya" },

  { "en": "implementation", "uz": "amalga oshirish" },
  { "en": "impression", "uz": "taassurot" },
  { "en": "indicator", "uz": "ko'rsatkich" },
  { "en": "initiative", "uz": "tashabbus" },
  { "en": "injury", "uz": "jarohat" },
  { "en": "intention", "uz": "niyat" },
  { "en": "interpretation", "uz": "talqin" },
  { "en": "interview", "uz": "suhbat, intervyu" },
  { "en": "involvement", "uz": "qatnashuv, aralashish" },
  { "en": "leadership", "uz": "yetakchilik" },

  { "en": "literature", "uz": "adabiyot" },
  { "en": "maintenance", "uz": "saqlash, xizmat" },
  { "en": "mechanism", "uz": "mexanizm" },
  { "en": "minority", "uz": "ozchilik" },
  { "en": "network", "uz": "tarmoq" },
  { "en": "outcome", "uz": "natija" },
  { "en": "partnership", "uz": "hamkorlik" },
  { "en": "phenomenon", "uz": "hodisa" },
  { "en": "philosophy", "uz": "falsafa" },
  { "en": "population", "uz": "aholi" },

  { "en": "predictability", "uz": "oldindan aytish mumkinligi" },
  { "en": "preparation", "uz": "tayyorgarlik" },
  { "en": "priority", "uz": "ustuvorlik" },
  { "en": "procedure", "uz": "protsedura" },
  { "en": "productivity", "uz": "ish unumdorligi" },
  { "en": "profession", "uz": "kasb" },
  { "en": "promotion", "uz": "lavozim oshishi / reklama" },
  { "en": "recession", "uz": "iqtisodiy pasayish" },
  { "en": "recovery", "uz": "tiklanish, sog'ayish" },
  { "en": "reflection", "uz": "aks, mulohaza" },

  { "en": "reliability", "uz": "ishonchlilik" },
  { "en": "reputation", "uz": "obro'" },
  { "en": "resistance", "uz": "qarshilik" },
  { "en": "responsibility", "uz": "mas'uliyat" },
  { "en": "restriction", "uz": "cheklov" },
  { "en": "revolution", "uz": "inqilob" },
  { "en": "satisfaction", "uz": "qoniqish" },
  { "en": "schedule", "uz": "jadval, grafik" },
  { "en": "scholarship", "uz": "grant, stipendiya" },
  { "en": "significance", "uz": "ahamiyat" },

  { "en": "statistics", "uz": "statistika" },
  { "en": "sustainability", "uz": "barqarorlik" },
  { "en": "tolerance", "uz": "bag'rikenglik" },
  { "en": "transaction", "uz": "bitim, tranzaksiya" },
  { "en": "transition", "uz": "o'tish davri" },
  { "en": "uncertainty", "uz": "noaniqlik" },
  { "en": "validity", "uz": "yaroqlilik, haqiqiylik" },
  { "en": "variation", "uz": "o'zgarish, turfa" },
  { "en": "violation", "uz": "buzish (qoidani)" },
  { "en": "welfare", "uz": "farovonlik" }
]
