[
  { "en": "تطوّر", "uz": "rivojlanish" },
  { "en": "تحليل", "uz": "tahlil" },
  { "en": "تركيز", "uz": "diqqat jamlash" },
  { "en": "منهج", "uz": "uslub, metod" },
  { "en": "مفهوم", "uz": "tushuncha" },
  { "en": "مبدأ", "uz": "tamoyil" },
  { "en": "قيمة", "uz": "qadriyat, qiymat" },
  { "en": "أولوية", "uz": "ustuvorlik" },
  { "en": "معيار", "uz": "mezon" },
  { "en": "تقييم", "uz": "baholash" },

  { "en": "استراتيجية", "uz": "strategiya" },
  { "en": "خطة بعيدة", "uz": "uzoq muddatli reja" },
  { "en": "تطبيق", "uz": "qo‘llash, ilova" },
  { "en": "تنفيذ", "uz": "amalga oshirish" },
  { "en": "إنجاز", "uz": "yutuq" },
  { "en": "تحقيق", "uz": "ro‘yobga chiqarish" },
  { "en": "ابتكار", "uz": "innovatsiya" },
  { "en": "إبداع", "uz": "ijodkorlik" },
  { "en": "كفاءة", "uz": "samaradorlik" },
  { "en": "فعالية", "uz": "ta’sirchanlik" },

  { "en": "إحصائية", "uz": "statistik ma'lumot" },
  { "en": "نسبة مئوية", "uz": "foiz" },
  { "en": "متوسط", "uz": "o‘rtacha qiymat" },
  { "en": "اتجاه", "uz": "yo‘nalish, trend" },
  { "en": "ظاهرة", "uz": "hodisa" },
  { "en": "عامل", "uz": "omil" },
  { "en": "سببية", "uz": "sabab-oqibat" },
  { "en": "نتيجة", "uz": "natija" },
  { "en": "احتمال", "uz": "ehtimol" },
  { "en": "مخاطرة", "uz": "xavf, risk" },

  { "en": "توازن", "uz": "muvozanat" },
  { "en": "استقرار", "uz": "barqarorlik" },
  { "en": "مرونة", "uz": "moslashuvchanlik" },
  { "en": "ضغط", "uz": "bosim" },
  { "en": "توتر", "uz": "stress, taranglik" },
  { "en": "تحدٍّ", "uz": "qiyinchilik, chaqiriq" },
  { "en": "عائق", "uz": "to‘siq" },
  { "en": "فرصة نادرة", "uz": "kamyob imkoniyat" },
  { "en": "حل وسط", "uz": "murosa" },
  { "en": "مفاوضات", "uz": "muzokaralar" },

  { "en": "مجتمع", "uz": "jamiyat" },
  { "en": "هوية", "uz": "o‘zlik, identitet" },
  { "en": "طبقة اجتماعية", "uz": "ijtimoiy qatlam" },
  { "en": "أقلية", "uz": "ozchilik" },
  { "en": "أغلبية", "uz": "ko‘pchilik" },
  { "en": "عدالة اجتماعية", "uz": "ijtimoiy adolat" },
  { "en": "مساواة", "uz": "tenglik" },
  { "en": "تفرقة", "uz": "kamsitish" },
  { "en": "هجرة", "uz": "migratsiya" },
  { "en": "اندماج", "uz": "integratsiya, qo‘shilish" },

  { "en": "ثقافة", "uz": "madaniyat" },
  { "en": "تراث", "uz": "meros" },
  { "en": "قيمة ثقافية", "uz": "madaniy qadriyat" },
  { "en": "صورة نمطية", "uz": "stereotip" },
  { "en": "حوار حضاري", "uz": "madaniyatlar muloqoti" },
  { "en": "هوية وطنية", "uz": "milliy o‘zlik" },
  { "en": "انفتاح", "uz": "ochiqlik" },
  { "en": "انغلاق", "uz": "yopiq bo‘lish" },
  { "en": "تسامح", "uz": "bag‘rikenglik" },
  { "en": "تعصب", "uz": "mutassiblik" },

  { "en": "اقتصاد", "uz": "iqtisodiyot" },
  { "en": "استثمار", "uz": "investitsiya" },
  { "en": "ميزانية", "uz": "byudjet" },
  { "en": "نمو اقتصادي", "uz": "iqtisodiy o‘sish" },
  { "en": "تضخم", "uz": "inflyatsiya" },
  { "en": "بطالة", "uz": "ishsizlik" },
  { "en": "مستوى المعيشة", "uz": "turmush darajasi" },
  { "en": "تنمية", "uz": "rivojlanish (development)" },
  { "en": "سوق عالمية", "uz": "global bozor" },
  { "en": "تنافس", "uz": "raqobat" },

  { "en": "سياسة", "uz": "siyosat" },
  { "en": "حكومة", "uz": "hukumat" },
  { "en": "برلمان", "uz": "parlament" },
  { "en": "انتخابات", "uz": "saylovlar" },
  { "en": "حزب", "uz": "partiya" },
  { "en": "معارضة", "uz": "oppozitsiya" },
  { "en": "حرية التعبير", "uz": "so‘z erkinligi" },
  { "en": "حقوق الإنسان", "uz": "inson huquqlari" },
  { "en": "دستور", "uz": "konstitutsiya" },
  { "en": "قانون دولي", "uz": "xalqaro huquq" },

  { "en": "وسائل الإعلام", "uz": "ommaviy axborot vositalari" },
  { "en": "خبر عاجل", "uz": "shoshilinch xabar" },
  { "en": "رأي عام", "uz": "jamoatchilik fikri" },
  { "en": "مقال تحليلي", "uz": "tahliliy maqola" },
  { "en": "مقابلة صحفية", "uz": "matbuot intervyusi" },
  { "en": "حملة إعلامية", "uz": "axborot kampaniyasi" },
  { "en": "مصداقية", "uz": "ishonchlilik" },
  { "en": "إشاعة", "uz": "mish-mish" },
  { "en": "رقابة", "uz": "senzura" },
  { "en": "منصة رقمية", "uz": "raqamli platforma" },

  { "en": "بحث علمي", "uz": "ilmiy tadqiqot" },
  { "en": "فرضية", "uz": "gipoteza" },
  { "en": "نظرية", "uz": "nazariya" },
  { "en": "تجربة علمية", "uz": "ilmiy tajriba" },
  { "en": "اكتشاف", "uz": "kashfiyot" },
  { "en": "تقنية متقدمة", "uz": "rivojlangan texnologiya" },
  { "en": "ذكاء اصطناعي", "uz": "sun'iy intellekt" },
  { "en": "معلوماتية", "uz": "axborot texnologiyalari" },
  { "en": "معالجة البيانات", "uz": "ma'lumotlarni qayta ishlash" },
  { "en": "أمن رقمي", "uz": "kiberxavfsizlik" },

  { "en": "تحمل المسؤولية", "uz": "mas'uliyatni o‘z zimmasiga olish" },
  { "en": "اتخاذ القرار", "uz": "qaror qabul qilish" },
  { "en": "تفكير نقدي", "uz": "tanqidiy fikrlash" },
  { "en": "حل إبداعي", "uz": "ijodiy yechim" },
  { "en": "إدارة الوقت", "uz": "vaqtni boshqarish" },
  { "en": "تنمية ذاتية", "uz": "o‘zini rivojlantirish" },
  { "en": "ثقة بالنفس", "uz": "o‘ziga ishonch" },
  { "en": "انضباط", "uz": "intizom" },
  { "en": "إصرار", "uz": "qat'iyat" },
  { "en": "مرونة فكرية", "uz": "fikriy moslashuvchanlik" },

  { "en": "سلوك اجتماعي", "uz": "ijtimoiy xulq" },
  { "en": "تواصل فعّال", "uz": "samarali muloqot" },
  { "en": "لغة الجسد", "uz": "tana tili" },
  { "en": "إقناع", "uz": "ishontirish" },
  { "en": "تأثير متبادل", "uz": "o‘zaro ta'sir" },
  { "en": "صراع", "uz": "zidiyat, konflikt" },
  { "en": "إدارة الصراع", "uz": "zidiyatni boshqarish" },
  { "en": "تفاهم", "uz": "o‘zaro tushunish" },
  { "en": "اتفاق", "uz": "kelishuv" },
  { "en": "التزام", "uz": "majburiyatga rioya" },

  { "en": "مصداقية شخصية", "uz": "shaxsiy ishonchlilik" },
  { "en": "نزاهة", "uz": "halollik" },
  { "en": "شفافية", "uz": "oshkoralik" },
  { "en": "ولاء", "uz": "sadoqat" },
  { "en": "تضحية", "uz": "fidoyilik" },
  { "en": "تعاطف", "uz": "hamdardlik" },
  { "en": "وعي ذاتي", "uz": "o‘zini anglash" },
  { "en": "قيمة أخلاقية", "uz": "axloqiy qadriyat" },
  { "en": "ضغوط نفسية", "uz": "ruhiy bosimlar" },
  { "en": "دعم نفسي", "uz": "psixologik yordam" },

  { "en": "إدارة الأزمات", "uz": "invoqni boshqarish" },
  { "en": "خيار بديل", "uz": "muqobil variant" },
  { "en": "رؤية مستقبلية", "uz": "kelajak ko‘rinishi" },
  { "en": "خطة استراتيجية", "uz": "strategik reja" },
  { "en": "تعاون دولي", "uz": "xalqaro hamkorlik" },
  { "en": "تبادل ثقافي", "uz": "madaniy almashinuv" },
  { "en": "وعي بيئي", "uz": "ekologik xabardorlik" },
  { "en": "مسؤولية بيئية", "uz": "ekologik mas'uliyat" },
  { "en": "تنمية مستدامة", "uz": "barqaror rivojlanish" },
  { "en": "استهلاك مفرط", "uz": "ortiqcha iste'mol" },

  { "en": "تغير مناخي", "uz": "iqlim o'zgarishi" },
  { "en": "طاقة متجددة", "uz": "qayta tiklanuvchi energiya" },
  { "en": "تلوث", "uz": "ifloslanish" },
  { "en": "حماية الطبيعة", "uz": "tabiatni himoya qilish" },
  { "en": "خدمة مجتمعية", "uz": "jamoatchilik xizmatlari" },
  { "en": "مبادرة شبابية", "uz": "yoshlar tashabbusi" },
  { "en": "مشاركة فعّالة", "uz": "faol ishtirok" },
  { "en": "توعية عامة", "uz": "ommaviy xabardorlik" },
  { "en": "حملة تطوعية", "uz": "ko‘ngilli aksiya" },
  { "en": "مسؤولية مشتركة", "uz": "umumiy mas'uliyat" }
]
