[
  { "en": "Gomolog xromosomalar nima?", "uz": "juft xromosoma" },
  { "en": "Autosoma deganda nima tushuniladi?", "uz": "jinsiy bo'lmagan" },
  { "en": "Lokus so'zi genetika’da nimani bildiradi?", "uz": "gen joyi" },
  { "en": "Allellar nima?", "uz": "gen variantlari" },
  { "en": "Dominant gen qanday namoyon bo'ladi?", "uz": "ustun belgi" },
  { "en": "Rezessiv gen namoyon bo'lishi uchun nima kerak?", "uz": "ikkalasi ham" },
  { "en": "Genotip nima?", "uz": "genlar majmui" },
  { "en": "Fenotip nima?", "uz": "tashqi belgilar" },
  { "en": "Poligen meroslanish nima?", "uz": "ko'p genli belgi" },
  { "en": "Pleotropiya nima?", "uz": "bitta gen ko'p belgi" },

  { "en": "Krossing-over qaysi bo'linishda sodir bo'ladi?", "uz": "meyoz I" },
  { "en": "Krossing-over natijasida nima yuz beradi?", "uz": "gen almashinuvi" },
  { "en": "Mitoz va meyozning asosiy farqi nima?", "uz": "xromosoma soni" },
  { "en": "Meyoz natijasida nechta hujayra hosil bo'ladi?", "uz": "to'rt hujayra" },
  { "en": "Meyozda xromosoma soni qanday o'zgaradi?", "uz": "ikkiga kamayadi" },
  { "en": "Poliploidiya nima?", "uz": "ko'p xromosoma to'plami" },
  { "en": "Aneuploidiyaning asosiy sababi nima?", "uz": "noajralish" },
  { "en": "Down sindromida qaysi xromosoma ortiqcha?", "uz": "21 xromosoma" },
  { "en": "Mutatsiya oqibatida nima o'zgaradi?", "uz": "gen yoki xromosoma" },
  { "en": "Mutagen omillarga misol keltiring", "uz": "nurlanish" },

  { "en": "Transkripsiya nima?", "uz": "RNK sintezi" },
  { "en": "Translatsiya qayerda kechadi?", "uz": "ribosomada" },
  { "en": "DNKdan oqsilgacha bo'lgan umumiy yo'l nima deb ataladi?", "uz": "markaziy dogma" },
  { "en": "Kodonga nechta nukleotid kiradi?", "uz": "uchta nukleotid" },
  { "en": "Start kodon sifatida qaysi kodon ishlatiladi?", "uz": "AUG" },
  { "en": "Genetik kodning universalligi nimani anglatadi?", "uz": "hamma turda bir xil" },
  { "en": "Intronga qarama-qarshi bo'lgan qism nima?", "uz": "ekzon" },
  { "en": "Splicing jarayonida nima sodir bo'ladi?", "uz": "intron kesiladi" },
  { "en": "tRNKning asosiy vazifasi nima?", "uz": "aminokislota tashish" },
  { "en": "rRNK qayerning tarkibida bo'ladi?", "uz": "ribosoma" },

  { "en": "Apoptoz nima?", "uz": "rejalashtirilgan o'lim" },
  { "en": "Nekroz va apoptoz farqi nimada?", "uz": "nazorat darajasi" },
  { "en": "Onkogenlar nima?", "uz": "o'sma genlari" },
  { "en": "Tumor supressor gen nima qiladi?", "uz": "bo'linishni to'xtatadi" },
  { "en": "Metastaz nima?", "uz": "o'sma tarqalishi" },
  { "en": "Benign o'sma qanday xususiyatga ega?", "uz": "tarqalmaydi" },
  { "en": "Malign o'sma qanday xususiyatga ega?", "uz": "invaziv" },
  { "en": "Karsinogen omil nima?", "uz": "o'sma chaqiruvchi" },
  { "en": "Apoptoz buzilishi qaysi kasallikka olib kelishi mumkin?", "uz": "saraton" },
  { "en": "Telomerlar vazifasi nima?", "uz": "xromosomani himoya" },

  { "en": "Homeostaz nima?", "uz": "ichki barqarorlik" },
  { "en": "Gumoral boshqaruv qanday amalga oshadi?", "uz": "gormonlar bilan" },
  { "en": "Receptor hujayra nima qiladi?", "uz": "signal qabul qiladi" },
  { "en": "Negativ teskari aloqa nima uchun kerak?", "uz": "me'yorga qaytarish" },
  { "en": "Pozitiv teskari aloqa misol keltiring", "uz": "qon ivishi" },
  { "en": "Gomeostaz buzilishi nimaga olib kelishi mumkin?", "uz": "kasallik" },
  { "en": "Gormonlar qaysi tizim orqali tarqaladi?", "uz": "qon tizimi" },
  { "en": "Asosiy stress gormoni nima?", "uz": "kortizol" },
  { "en": "Asosiy 'jang yoki qoch' gormoni nima?", "uz": "adrenalin" },
  { "en": "Giperfunksiya nimani anglatadi?", "uz": "ortiqcha faoliyat" },

  { "en": "Antigen nima?", "uz": "begona modda" },
  { "en": "Antitana nima?", "uz": "himoya oqsili" },
  { "en": "Immun javobning asosiy hujayralari qaysilar?", "uz": "limfotsitlar" },
  { "en": "T-limfotsitlar qayerda yetiladi?", "uz": "timusda" },
  { "en": "B-limfotsitlar qaysi organ bilan bog'liq?", "uz": "suyak iligi" },
  { "en": "Gumoral immunitet nima orqali amalga oshadi?", "uz": "antitanalar" },
  { "en": "Hujayraviy immunitet qaysilar orqali bajariladi?", "uz": "T-hujayralar" },
  { "en": "Autoimmun kasalliklarda nima yuz beradi?", "uz": "o'z to'qimasiga hujum" },
  { "en": "Allergik reaksiya nima?", "uz": "ortiqcha javob" },
  { "en": "Vaksina nima beradi?", "uz": "suniy immunitet" },

  { "en": "Aerob nafas olishda yakuniy elektron qabul qiluvchi nima?", "uz": "kislorod" },
  { "en": "Glikoliz qayerda kechadi?", "uz": "sitoplazma" },
  { "en": "Limfa nima?", "uz": "to'qima suyuqligi" },
  { "en": "Energiya valyutasi sifatida qaysi molekula tan olingan?", "uz": "ATF" },
  { "en": "Fermentlar qanday moddalardan tuzilgan?", "uz": "oqsillar" },
  { "en": "Ferment faolligiga ta’sir qiluvchi omillardan bittasini ayting", "uz": "harorat" },
  { "en": "Anaerob nafasda glyukoza qaysi mahsulotga aylanadi (odamda)?", "uz": "sut kislotasi" },
  { "en": "O'simlikda nafas olish kechadimi?", "uz": "ha" },
  { "en": "Kletka ichida energiya ishlab chiqarish markazi nima?", "uz": "mitoxondriya" },
  { "en": "Kislorodsiz nafas olish qanday ataladi?", "uz": "anaerob" },

  { "en": "Stroma qaysi organoid tarkibida bo'ladi?", "uz": "xloroplast" },
  { "en": "Grana nima?", "uz": "tilakoid to'plami" },
  { "en": "Fotosintezning yorug'lik bosqichi qayerda kechadi?", "uz": "tilakoidda" },
  { "en": "Fotosintezning qorong'u bosqichi qayerda kechadi?", "uz": "stroma" },
  { "en": "Fotosintez uchun asosiy pigment nima?", "uz": "xlorofill" },
  { "en": "Stomalar nima vazifa bajaradi?", "uz": "gaz almashinuvi" },
  { "en": "Transpiratsiya nima?", "uz": "suv bug'lanishi" },
  { "en": "C3 o'simliklarga misol keltiring", "uz": "bug'doy" },
  { "en": "C4 o'simliklarga misol keltiring", "uz": "jo'xori" },
  { "en": "KAM-turi fotosintez qaysi sharoitda foydali?", "uz": "qurg'oqchil" },

  { "en": "Ekotizim nima?", "uz": "tabiiy tizim" },
  { "en": "Biotsenoz nimani o'z ichiga oladi?", "uz": "tirik organizmlar" },
  { "en": "Abiotik omillarga misol keltiring", "uz": "harorat" },
  { "en": "Biotik omillarga misol keltiring", "uz": "raqobat" },
  { "en": "Biom nima?", "uz": "katta zonal tizim" },
  { "en": "Trofik zanjir nima?", "uz": "ozuqa zanjiri" },
  { "en": "Produsentlar kimlar?", "uz": "o'simliklar" },
  { "en": "Konsument I tartib kimlar?", "uz": "o'txo'rlar" },
  { "en": "Reduksentlar kimlar?", "uz": "chirindchilar" },
  { "en": "Ekologik nisha tushunchasi nimani anglatadi?", "uz": "rol va joy" },

  { "en": "Biodiversitet nima?", "uz": "turlar xilma-xilligi" },
  { "en": "Turlarning yo'qolishining asosiy sababi nima?", "uz": "inson ta'siri" },
  { "en": "Invaziv tur nima?", "uz": "begona kuchli tur" },
  { "en": "Biologik ifloslanish nimani anglatadi?", "uz": "tirik ifloslovchi" },
  { "en": "Ekologik muvozanat buzilsa, nima sodir bo'ladi?", "uz": "tizim izdan chiqadi" },
  { "en": "Atmosfera issiqlashuviga olib keladigan gazlardan birini ayting", "uz": "CO2" },
  { "en": "Ozon qatlamining vazifasi nima?", "uz": "UV nurni ushlash" },
  { "en": "Bioindikator organizm nima?", "uz": "muhit ko'rsatkichi" },
  { "en": "Yomg'ir suvining kislotalanishi qanday ataladi?", "uz": "kislotali yomg'ir" },
  { "en": "Barqaror rivojlanish tushunchasi nimani anglatadi?", "uz": "kelajakni asrash" },

  { "en": "Evolyutsiya nima?", "uz": "sekin o'zgarish" },
  { "en": "Tabiiy tanlanish asosiy mezoni nima?", "uz": "moslashuv" },
  { "en": "Adaptatsiya nima?", "uz": "moslashgan belgi" },
  { "en": "Spesiasiya nima?", "uz": "yangi tur paydo bo'lishi" },
  { "en": "Populyatsiya genofondi nimani ifodalaydi?", "uz": "hamma genlar" },
  { "en": "Genetik drift nima?", "uz": "tasodifiy o'zgarish" },
  { "en": "Migratsiya populyatsiyaga qanday ta'sir qiladi?", "uz": "gen oqimi" },
  { "en": "Makroevolyutsiya nimani o'rganadi?", "uz": "yirik o'zgarishlar" },
  { "en": "Mikroevolyutsiya nimani o'rganadi?", "uz": "populyatsiya ichida" },
  { "en": "Darvinning asosiy g'oyasi nimada?", "uz": "tabiiy tanlanish" },

  { "en": "Endemik tur nima?", "uz": "faqat bir hududda" },
  { "en": "Relikt tur nima?", "uz": "qadimiy qolgan" },
  { "en": "Konvergent evolyutsiya nima?", "uz": "o'xshash moslashuv" },
  { "en": "Divergent evolyutsiya nima?", "uz": "bir turdan ko'p tur" },
  { "en": "Koevolyutsiya nimani bildiradi?", "uz": "birga rivojlanish" },
  { "en": "Sun'iy tanlanish nimaga asoslanadi?", "uz": "inson tanlovi" },
  { "en": "Evolyutsion ustunlik nima?", "uz": "yaxshi moslashuv" },
  { "en": "Filogeniya nimani o'rganadi?", "uz": "evolyutsion tarix" },
  { "en": "Kladogramma nima uchun tuziladi?", "uz": "qarindoshlik ko'rsatish" },
  { "en": "Molekulyar soat tushunchasi nimaga asoslanadi?", "uz": "mutatsiya tezligi" },

  { "en": "Markaziy asab tizimi nimalardan iborat?", "uz": "miya va orqa miya" },
  { "en": "Vegetativ asab tizimi nima boshqaradi?", "uz": "ichki organlar" },
  { "en": "Simpatik tizim faollashsa, yurak urishi qanday bo'ladi?", "uz": "tezlashadi" },
  { "en": "Parasimpatiya faollashganda yurak urishi qanday o'zgaradi?", "uz": "sekinlashadi" },
  { "en": "Refleks yoyida eng kamida nechta bo'g'in bo'ladi?", "uz": "uch bo'g'in" },
  { "en": "Sinaps nima?", "uz": "bog'lanish joyi" },
  { "en": "Asab impulsida asosiy ionlar qaysilar?", "uz": "natriy va kaliy" },
  { "en": "Mielin qavati nima vazifa bajaradi?", "uz": "tez o'tkazish" },
  { "en": "Neyromediator nima?", "uz": "kimyoviy vositachi" },
  { "en": "Haddan tashqari hayajon asab tizimiga qanday ta'sir qiladi?", "uz": "charchatadi" },

  { "en": "Gormon so'zi qaysi tildan olingan?", "uz": "yunon tili" },
  { "en": "Endokrin bezlar qanday bezlar?", "uz": "kanalsiz bezlar" },
  { "en": "Qalqonsimon bez yetishmovchiligi nimaga olib kelishi mumkin?", "uz": "gipotireoz" },
  { "en": "Insulin etishmasligi qaysi kasallikni keltiradi?", "uz": "qandli diabet" },
  { "en": "Gipofiz qanday bez sifatida tanilgan?", "uz": "asosiy bez" },
  { "en": "Gormonlar ta'siri odatda qayerda namoyon bo'ladi?", "uz": "nishon to'qima" },
  { "en": "Giperfunksiya natijasida bez faoliyati qanday bo'ladi?", "uz": "ortadi" },
  { "en": "Gipofunksiya natijasida bez faoliyati qanday bo'ladi?", "uz": "kamayadi" },
  { "en": "Stress gormoni uzoq davom etsa, organizmga qanday ta'sir qiladi?", "uz": "charchatadi" },
  { "en": "Gormon va ferment o'rtasidagi asosiy farq nima?", "uz": "tizim va joy" },

  { "en": "Odam yuragining nechta bo'lmachasi bor?", "uz": "to'rt bo'lmacha" },
  { "en": "Arteriya odatda qanday qon tashiydi?", "uz": "kislorodli qon" },
  { "en": "Vena odatda qanday qon tashiydi?", "uz": "kislorodsiz qon" },
  { "en": "Kichik qon aylanish doirasi qayerdan qayergacha?", "uz": "yurak-o'pka-yurak" },
  { "en": "Katta qon aylanish doirasi qayerdan boshlanadi?", "uz": "chap qorincha" },
  { "en": "Qon bosimi eng yuqori qaysi tomirda bo'ladi?", "uz": "arteriya" },
  { "en": "Ateroskleroz qanday kasallik?", "uz": "tomir torayishi" },
  { "en": "Gipertoniya nimani anglatadi?", "uz": "yuqori bosim" },
  { "en": "Anemiya qanday holat?", "uz": "gemoglobin kam" },
  { "en": "Tromboz xavfi nimadan paydo bo'ladi?", "uz": "ivish buzilishi" },

  { "en": "Gen injeneriyasi nima bilan shug'ullanadi?", "uz": "gen o'zgartirish" },
  { "en": "Transgen organizm nima?", "uz": "begona geni bor" },
  { "en": "Klonlash nima?", "uz": "bir xil nusxa" },
  { "en": "CRISPR texnologiyasi nima uchun ishlatiladi?", "uz": "gen tahriri" },
  { "en": "Biotexnologiyada fermentlar qaysi maqsadda ishlatiladi?", "uz": "reaksiya tezlatish" },
  { "en": "GMO so'zining to'liq ma'nosi nima?", "uz": "gen o'zgartirilgan" },
  { "en": "Bioreaktor nima?", "uz": "tirik madaniyat idishi" },
  { "en": "In vitro sharoitida nima amalga oshiriladi?", "uz": "tana tashqarisida" },
  { "en": "Gen terapiyasi nima?", "uz": "gen bilan davolash" },
  { "en": "Bioetika nima bilan shug'ullanadi?", "uz": "axloqiy masalalar" }
]
