[
  { "en": "квартира", "uz": "kvartira" },
  { "en": "комната", "uz": "xona" },
  { "en": "кухня", "uz": "oshxona" },
  { "en": "ванная", "uz": "vanna, hammom" },
  { "en": "прихожая", "uz": "dahliz" },
  { "en": "балкон", "uz": "balkon" },
  { "en": "стена", "uz": "devor" },
  { "en": "потолок", "uz": "ship" },
  { "en": "пол", "uz": "pol" },
  { "en": "ковёр", "uz": "gilam" },

  { "en": "кровать", "uz": "karovat" },
  { "en": "стол", "uz": "stol" },
  { "en": "стул", "uz": "stul" },
  { "en": "шкаф", "uz": "javon" },
  { "en": "диван", "uz": "divan" },
  { "en": "холодильник", "uz": "muzlatkich" },
  { "en": "плита", "uz": "plita, gaz plitasi" },
  { "en": "микроволновка", "uz": "mikroto'lqinli pech" },
  { "en": "стиральная машина", "uz": "kir yuvish mashinasi" },
  { "en": "зарядка", "uz": "zaryad qurilmasi" },

  { "en": "улица", "uz": "ko'cha" },
  { "en": "площадь", "uz": "maydon" },
  { "en": "переулок", "uz": "tor ko'cha" },
  { "en": "центр", "uz": "markaz" },
  { "en": "пригород", "uz": "shahar atrofi" },
  { "en": "пешеход", "uz": "piyoda" },
  { "en": "переход", "uz": "piyodalar o'tish joyi" },
  { "en": "светофор", "uz": "svetofor" },
  { "en": "тротуар", "uz": "trotuar" },
  { "en": "мост", "uz": "ko'prik" },

  { "en": "остановка", "uz": "bekat" },
  { "en": "станция", "uz": "stansiya" },
  { "en": "метро", "uz": "metro" },
  { "en": "автобус", "uz": "avtobus" },
  { "en": "поезд", "uz": "poyezd" },
  { "en": "трамвай", "uz": "tramvay" },
  { "en": "такси", "uz": "taksi" },
  { "en": "билет", "uz": "chipta" },
  { "en": "расписание", "uz": "jadval (reja, grafik)" },
  { "en": "путешествие", "uz": "sayohat" },

  { "en": "чемодан", "uz": "chemodan" },
  { "en": "рюкзак", "uz": "ryukzak, xalta" },
  { "en": "паспорт", "uz": "pasport" },
  { "en": "граница", "uz": "chegara" },
  { "en": "гостиница", "uz": "mehmonxona" },
  { "en": "регистрация", "uz": "ro'yxatdan o'tish" },
  { "en": "бронь", "uz": "band qilish" },
  { "en": "номер", "uz": "raqam, mehmonxona xonasi" },
  { "en": "ключ", "uz": "kalit" },
  { "en": "ресепшен", "uz": "resepshn" },

  { "en": "здоровье", "uz": "sog'liq" },
  { "en": "болезнь", "uz": "kasallik" },
  { "en": "симптом", "uz": "alomat" },
  { "en": "температура", "uz": "harorat" },
  { "en": "простуда", "uz": "shamollash" },
  { "en": "кашель", "uz": "yo'tal" },
  { "en": "насморк", "uz": "burun oqishi" },
  { "en": "таблетка", "uz": "tabletka" },
  { "en": "лекарство", "uz": "dori" },
  { "en": "аптека", "uz": "dorixona" },

  { "en": "поликлиника", "uz": "poliklinika" },
  { "en": "больница", "uz": "kasalxona" },
  { "en": "врач", "uz": "shifokor" },
  { "en": "медсестра", "uz": "hamshira" },
  { "en": "анализ", "uz": "tahlil" },
  { "en": "обследование", "uz": "tekshiruv" },
  { "en": "операция", "uz": "operatsiya" },
  { "en": "страховка", "uz": "sug'urta" },
  { "en": "жаловаться", "uz": "shikoyat qilish" },
  { "en": "чувствовать себя", "uz": "o'zini his qilish" },

  { "en": "работа", "uz": "ish" },
  { "en": "профессия", "uz": "kasb" },
  { "en": "офис", "uz": "ofis" },
  { "en": "коллега", "uz": "hamkasb" },
  { "en": "директор", "uz": "direktor" },
  { "en": "начальник", "uz": "boshliq" },
  { "en": "подчинённый", "uz": "bo'ysunuvchi" },
  { "en": "зарплата", "uz": "maosh" },
  { "en": "карьера", "uz": "karera" },
  { "en": "переговоры", "uz": "muzokaralar" },

  { "en": "договор", "uz": "shartnoma" },
  { "en": "проект", "uz": "loyiha" },
  { "en": "задача", "uz": "vazifa" },
  { "en": "график", "uz": "jadval, grafik" },
  { "en": "выходной", "uz": "dam olish kuni" },
  { "en": "командировка", "uz": "ish safar" },
  { "en": "опыт", "uz": "tajriba" },
  { "en": "резюме", "uz": "rezume" },
  { "en": "собеседование", "uz": "suhbat (intervyu)" },
  { "en": "повышение", "uz": "ko'tarilish, promouchen" },

  { "en": "учёба", "uz": "o‘qish (jarayon)" },
  { "en": "школа", "uz": "maktab" },
  { "en": "университет", "uz": "universitet" },
  { "en": "факультет", "uz": "fakultet" },
  { "en": "курс", "uz": "kurs" },
  { "en": "лекция", "uz": "ma'ruza" },
  { "en": "семинар", "uz": "seminar" },
  { "en": "зачёт", "uz": "zachet" },
  { "en": "экзамен", "uz": "imtihon" },
  { "en": "оценка", "uz": "baho" },

  { "en": "конспект", "uz": "konspekt" },
  { "en": "домашнее задание", "uz": "uy vazifa" },
  { "en": "учебник", "uz": "darslik" },
  { "en": "тетрадь", "uz": "daftar" },
  { "en": "расписание", "uz": "dars jadvali" },
  { "en": "перемена", "uz": "tanaffus" },
  { "en": "однокурсник", "uz": "kursdosh" },
  { "en": "одноклассник", "uz": "sinfdosh" },
  { "en": "стипендия", "uz": "stipendiya" },
  { "en": "академический отпуск", "uz": "akademik ta'til" },

  { "en": "спорт", "uz": "sport" },
  { "en": "футбол", "uz": "futbol" },
  { "en": "баскетбол", "uz": "basketbol" },
  { "en": "плавание", "uz": "suzish" },
  { "en": "тренировка", "uz": "mashg'ulot" },
  { "en": "команда", "uz": "jamoa" },
  { "en": "победа", "uz": "g'alaba" },
  { "en": "поражение", "uz": "mag'lubiyat" },
  { "en": "турнир", "uz": "turnir" },
  { "en": "соревнование", "uz": "musobaqa" },

  { "en": "увлечение", "uz": "qiziqish" },
  { "en": "хобби", "uz": "hobby" },
  { "en": "рисование", "uz": "rasm chizish" },
  { "en": "музыка", "uz": "musiqa" },
  { "en": "инструмент", "uz": "musiqa asbobi" },
  { "en": "гитара", "uz": "gitara" },
  { "en": "пианино", "uz": "pianino" },
  { "en": "фотография", "uz": "fotografiya" },
  { "en": "чтение", "uz": "o‘qish (kitob)" },
  { "en": "коллекция", "uz": "kolleksiya" },

  { "en": "характер", "uz": "xarakter" },
  { "en": "честный", "uz": "halol" },
  { "en": "ленивый", "uz": "dangasa" },
  { "en": "активный", "uz": "faol" },
  { "en": "тихий", "uz": "tinch, sokin" },
  { "en": "серьёзный", "uz": "jiddiy" },
  { "en": "весёлый", "uz": "xushchaqchaq" },
  { "en": "дружелюбный", "uz": "do'stona" },
  { "en": "ответственный", "uz": "mas'uliyatli" },
  { "en": "терпеливый", "uz": "sabrli" },

  { "en": "внешность", "uz": "tashqi ko‘rinish" },
  { "en": "рост", "uz": "bo'y" },
  { "en": "вес", "uz": "vazn" },
  { "en": "фигура", "uz": "qomat" },
  { "en": "одежда", "uz": "kiyim" },
  { "en": "костюм", "uz": "kostyum" },
  { "en": "рубашка", "uz": "ko'ylak (kofta)" },
  { "en": "пальто", "uz": "palto" },
  { "en": "куртка", "uz": "kurtka" },
  { "en": "обувь", "uz": "oyoq kiyim" },

  { "en": "отношения", "uz": "munosabatlar" },
  { "en": "дружба", "uz": "do‘stlik" },
  { "en": "конфликт", "uz": "zidiyat" },
  { "en": "поддержка", "uz": "qo‘llab-quvvatlash" },
  { "en": "доверие", "uz": "ishonch" },
  { "en": "уважение", "uz": "hurmat" },
  { "en": "совет", "uz": "maslahat" },
  { "en": "обида", "uz": "xafa bo‘lish" },
  { "en": "извинение", "uz": "kechirim so‘rash" },
  { "en": "примирение", "uz": "yarashish" },

  { "en": "общество", "uz": "jamiyat" },
  { "en": "традиция", "uz": "an'ana" },
  { "en": "праздник", "uz": "bayram" },
  { "en": "обычай", "uz": "odat" },
  { "en": "свадьба", "uz": "to‘y" },
  { "en": "юбилей", "uz": "yubiley" },
  { "en": "подарок", "uz": "sovg'a" },
  { "en": "гость", "uz": "mehmon" },
  { "en": "приглашение", "uz": "taklif (invitation)" },
  { "en": "торжество", "uz": "tantana" },

  { "en": "новость", "uz": "yangilik" },
  { "en": "объявление", "uz": "e'lon" },
  { "en": "реклама", "uz": "reklama" },
  { "en": "сообщение", "uz": "xabar" },
  { "en": "переписка", "uz": "yozishmalar" },
  { "en": "социальная сеть", "uz": "ijtimoiy tarmoq" },
  { "en": "комментарий", "uz": "izoh" },
  { "en": "подписчик", "uz": "obunachi" },
  { "en": "лайк", "uz": "layk" },
  { "en": "опрос", "uz": "so‘rovnoma" },

  { "en": "погода", "uz": "ob-havo" },
  { "en": "температура", "uz": "harorat" },
  { "en": "дождь", "uz": "yomg'ir" },
  { "en": "снег", "uz": "qor" },
  { "en": "ветер", "uz": "shamol" },
  { "en": "туман", "uz": "tuman" },
  { "en": "гроза", "uz": "momaqaldiroq" },
  { "en": "жара", "uz": "issiq ob-havo" },
  { "en": "мороз", "uz": "sovuq, ayoz" },
  { "en": "облако", "uz": "bulut" },

  { "en": "природа", "uz": "tabiat" },
  { "en": "лес", "uz": "o‘rmon" },
  { "en": "поле", "uz": "dala" },
  { "en": "гора", "uz": "tog‘" },
  { "en": "река", "uz": "daryo" },
  { "en": "озеро", "uz": "ko‘l" },
  { "en": "животное", "uz": "hayvon" },
  { "en": "птица", "uz": "qush" },
  { "en": "растение", "uz": "o‘simlik" },
  { "en": "экология", "uz": "ekologiya" },

  { "en": "проблема", "uz": "muammo" },
  { "en": "решение", "uz": "yechim" },
  { "en": "причина", "uz": "sabab" },
  { "en": "последствие", "uz": "oqibat" },
  { "en": "возможность", "uz": "imkoniyat" },
  { "en": "риск", "uz": "xavf, risk" },
  { "en": "ошибка", "uz": "xato" },
  { "en": "успех", "uz": "muvaffaqiyat" },
  { "en": "сравнение", "uz": "solishtirish" },
  { "en": "пример", "uz": "misol" },

  { "en": "настроение", "uz": "kayfiyat" },
  { "en": "радость", "uz": "quvonch" },
  { "en": "грусть", "uz": "g'am, xafalik" },
  { "en": "страх", "uz": "qo‘rquv" },
  { "en": "удивление", "uz": "hayrat" },
  { "en": "уверенность", "uz": "ishonch" },
  { "en": "сомнение", "uz": "shubha" },
  { "en": "стресс", "uz": "stress" },
  { "en": "мотивация", "uz": "motivatsiya" },
  { "en": "интерес", "uz": "qiziqish" }
]
